Month,Year,Predicted Prices,Location
4,2024,124.8,"Charlottetown, Prince Edward Island"
5,2024,125.1,"Charlottetown, Prince Edward Island"
6,2024,125.3,"Charlottetown, Prince Edward Island"
7,2024,125.5,"Charlottetown, Prince Edward Island"
8,2024,125.8,"Charlottetown, Prince Edward Island"
9,2024,126.0,"Charlottetown, Prince Edward Island"
10,2024,126.2,"Charlottetown, Prince Edward Island"
11,2024,126.5,"Charlottetown, Prince Edward Island"
12,2024,126.7,"Charlottetown, Prince Edward Island"
1,2025,127.1,"Charlottetown, Prince Edward Island"
2,2025,127.4,"Charlottetown, Prince Edward Island"
3,2025,127.6,"Charlottetown, Prince Edward Island"
4,2025,127.8,"Charlottetown, Prince Edward Island"
5,2025,128.1,"Charlottetown, Prince Edward Island"
6,2025,128.3,"Charlottetown, Prince Edward Island"
7,2025,128.5,"Charlottetown, Prince Edward Island"
8,2025,128.8,"Charlottetown, Prince Edward Island"
9,2025,129.0,"Charlottetown, Prince Edward Island"
10,2025,129.3,"Charlottetown, Prince Edward Island"
11,2025,129.5,"Charlottetown, Prince Edward Island"
12,2025,129.7,"Charlottetown, Prince Edward Island"
1,2026,130.1,"Charlottetown, Prince Edward Island"
2,2026,130.4,"Charlottetown, Prince Edward Island"
3,2026,130.6,"Charlottetown, Prince Edward Island"
4,2026,130.9,"Charlottetown, Prince Edward Island"
5,2026,131.1,"Charlottetown, Prince Edward Island"
6,2026,131.3,"Charlottetown, Prince Edward Island"
7,2026,131.6,"Charlottetown, Prince Edward Island"
8,2026,131.8,"Charlottetown, Prince Edward Island"
9,2026,132.0,"Charlottetown, Prince Edward Island"
10,2026,132.3,"Charlottetown, Prince Edward Island"
11,2026,132.5,"Charlottetown, Prince Edward Island"
12,2026,132.8,"Charlottetown, Prince Edward Island"
1,2027,133.2,"Charlottetown, Prince Edward Island"
2,2027,133.4,"Charlottetown, Prince Edward Island"
3,2027,133.6,"Charlottetown, Prince Edward Island"
4,2027,133.9,"Charlottetown, Prince Edward Island"
5,2027,134.1,"Charlottetown, Prince Edward Island"
6,2027,134.3,"Charlottetown, Prince Edward Island"
7,2027,134.6,"Charlottetown, Prince Edward Island"
8,2027,134.8,"Charlottetown, Prince Edward Island"
9,2027,135.1,"Charlottetown, Prince Edward Island"
10,2027,135.3,"Charlottetown, Prince Edward Island"
11,2027,135.5,"Charlottetown, Prince Edward Island"
12,2027,135.8,"Charlottetown, Prince Edward Island"
1,2028,136.2,"Charlottetown, Prince Edward Island"
2,2028,136.4,"Charlottetown, Prince Edward Island"
3,2028,136.7,"Charlottetown, Prince Edward Island"
4,2028,136.9,"Charlottetown, Prince Edward Island"
5,2028,137.1,"Charlottetown, Prince Edward Island"
6,2028,137.4,"Charlottetown, Prince Edward Island"
7,2028,137.6,"Charlottetown, Prince Edward Island"
8,2028,137.8,"Charlottetown, Prince Edward Island"
9,2028,138.1,"Charlottetown, Prince Edward Island"
10,2028,138.3,"Charlottetown, Prince Edward Island"
11,2028,138.6,"Charlottetown, Prince Edward Island"
12,2028,138.8,"Charlottetown, Prince Edward Island"
1,2029,139.2,"Charlottetown, Prince Edward Island"
2,2029,139.4,"Charlottetown, Prince Edward Island"
3,2029,139.7,"Charlottetown, Prince Edward Island"
4,2024,138.1,"Halifax, Nova Scotia"
5,2024,138.2,"Halifax, Nova Scotia"
6,2024,138.4,"Halifax, Nova Scotia"
7,2024,138.6,"Halifax, Nova Scotia"
8,2024,138.7,"Halifax, Nova Scotia"
9,2024,138.9,"Halifax, Nova Scotia"
10,2024,139.1,"Halifax, Nova Scotia"
11,2024,139.2,"Halifax, Nova Scotia"
12,2024,139.4,"Halifax, Nova Scotia"
1,2025,141.0,"Halifax, Nova Scotia"
2,2025,141.2,"Halifax, Nova Scotia"
3,2025,141.3,"Halifax, Nova Scotia"
4,2025,141.5,"Halifax, Nova Scotia"
5,2025,141.7,"Halifax, Nova Scotia"
6,2025,141.8,"Halifax, Nova Scotia"
7,2025,142.0,"Halifax, Nova Scotia"
8,2025,142.2,"Halifax, Nova Scotia"
9,2025,142.3,"Halifax, Nova Scotia"
10,2025,142.5,"Halifax, Nova Scotia"
11,2025,142.7,"Halifax, Nova Scotia"
12,2025,142.8,"Halifax, Nova Scotia"
1,2026,144.4,"Halifax, Nova Scotia"
2,2026,144.6,"Halifax, Nova Scotia"
3,2026,144.7,"Halifax, Nova Scotia"
4,2026,144.9,"Halifax, Nova Scotia"
5,2026,145.1,"Halifax, Nova Scotia"
6,2026,145.2,"Halifax, Nova Scotia"
7,2026,145.4,"Halifax, Nova Scotia"
8,2026,145.6,"Halifax, Nova Scotia"
9,2026,145.7,"Halifax, Nova Scotia"
10,2026,145.9,"Halifax, Nova Scotia"
11,2026,146.1,"Halifax, Nova Scotia"
12,2026,146.2,"Halifax, Nova Scotia"
1,2027,147.8,"Halifax, Nova Scotia"
2,2027,148.0,"Halifax, Nova Scotia"
3,2027,148.1,"Halifax, Nova Scotia"
4,2027,148.3,"Halifax, Nova Scotia"
5,2027,148.5,"Halifax, Nova Scotia"
6,2027,148.6,"Halifax, Nova Scotia"
7,2027,148.8,"Halifax, Nova Scotia"
8,2027,149.0,"Halifax, Nova Scotia"
9,2027,149.1,"Halifax, Nova Scotia"
10,2027,149.3,"Halifax, Nova Scotia"
11,2027,149.5,"Halifax, Nova Scotia"
12,2027,149.6,"Halifax, Nova Scotia"
1,2028,151.2,"Halifax, Nova Scotia"
2,2028,151.4,"Halifax, Nova Scotia"
3,2028,151.5,"Halifax, Nova Scotia"
4,2028,151.7,"Halifax, Nova Scotia"
5,2028,151.9,"Halifax, Nova Scotia"
6,2028,152.1,"Halifax, Nova Scotia"
7,2028,152.2,"Halifax, Nova Scotia"
8,2028,152.4,"Halifax, Nova Scotia"
9,2028,152.6,"Halifax, Nova Scotia"
10,2028,152.7,"Halifax, Nova Scotia"
11,2028,152.9,"Halifax, Nova Scotia"
12,2028,153.1,"Halifax, Nova Scotia"
1,2029,154.6,"Halifax, Nova Scotia"
2,2029,154.8,"Halifax, Nova Scotia"
3,2029,155.0,"Halifax, Nova Scotia"
4,2024,146.5,"Montréal, Quebec"
5,2024,146.5,"Montréal, Quebec"
6,2024,146.4,"Montréal, Quebec"
7,2024,146.4,"Montréal, Quebec"
8,2024,146.4,"Montréal, Quebec"
9,2024,146.3,"Montréal, Quebec"
10,2024,146.3,"Montréal, Quebec"
11,2024,146.3,"Montréal, Quebec"
12,2024,146.3,"Montréal, Quebec"
1,2025,150.4,"Montréal, Quebec"
2,2025,150.4,"Montréal, Quebec"
3,2025,150.3,"Montréal, Quebec"
4,2025,150.3,"Montréal, Quebec"
5,2025,150.3,"Montréal, Quebec"
6,2025,150.2,"Montréal, Quebec"
7,2025,150.2,"Montréal, Quebec"
8,2025,150.2,"Montréal, Quebec"
9,2025,150.2,"Montréal, Quebec"
10,2025,150.1,"Montréal, Quebec"
11,2025,150.1,"Montréal, Quebec"
12,2025,150.1,"Montréal, Quebec"
1,2026,154.2,"Montréal, Quebec"
2,2026,154.2,"Montréal, Quebec"
3,2026,154.1,"Montréal, Quebec"
4,2026,154.1,"Montréal, Quebec"
5,2026,154.1,"Montréal, Quebec"
6,2026,154.1,"Montréal, Quebec"
7,2026,154.0,"Montréal, Quebec"
8,2026,154.0,"Montréal, Quebec"
9,2026,154.0,"Montréal, Quebec"
10,2026,153.9,"Montréal, Quebec"
11,2026,153.9,"Montréal, Quebec"
12,2026,153.9,"Montréal, Quebec"
1,2027,158.0,"Montréal, Quebec"
2,2027,158.0,"Montréal, Quebec"
3,2027,158.0,"Montréal, Quebec"
4,2027,157.9,"Montréal, Quebec"
5,2027,157.9,"Montréal, Quebec"
6,2027,157.9,"Montréal, Quebec"
7,2027,157.8,"Montréal, Quebec"
8,2027,157.8,"Montréal, Quebec"
9,2027,157.8,"Montréal, Quebec"
10,2027,157.8,"Montréal, Quebec"
11,2027,157.7,"Montréal, Quebec"
12,2027,157.7,"Montréal, Quebec"
1,2028,161.8,"Montréal, Quebec"
2,2028,161.8,"Montréal, Quebec"
3,2028,161.8,"Montréal, Quebec"
4,2028,161.7,"Montréal, Quebec"
5,2028,161.7,"Montréal, Quebec"
6,2028,161.7,"Montréal, Quebec"
7,2028,161.7,"Montréal, Quebec"
8,2028,161.6,"Montréal, Quebec"
9,2028,161.6,"Montréal, Quebec"
10,2028,161.6,"Montréal, Quebec"
11,2028,161.5,"Montréal, Quebec"
12,2028,161.5,"Montréal, Quebec"
1,2029,165.6,"Montréal, Quebec"
2,2029,165.6,"Montréal, Quebec"
3,2029,165.6,"Montréal, Quebec"
4,2024,164.4,"Ottawa, Ontario"
5,2024,164.4,"Ottawa, Ontario"
6,2024,164.3,"Ottawa, Ontario"
7,2024,164.3,"Ottawa, Ontario"
8,2024,164.2,"Ottawa, Ontario"
9,2024,164.2,"Ottawa, Ontario"
10,2024,164.1,"Ottawa, Ontario"
11,2024,164.0,"Ottawa, Ontario"
12,2024,164.0,"Ottawa, Ontario"
1,2025,169.0,"Ottawa, Ontario"
2,2025,168.9,"Ottawa, Ontario"
3,2025,168.9,"Ottawa, Ontario"
4,2025,168.8,"Ottawa, Ontario"
5,2025,168.8,"Ottawa, Ontario"
6,2025,168.7,"Ottawa, Ontario"
7,2025,168.7,"Ottawa, Ontario"
8,2025,168.6,"Ottawa, Ontario"
9,2025,168.6,"Ottawa, Ontario"
10,2025,168.5,"Ottawa, Ontario"
11,2025,168.4,"Ottawa, Ontario"
12,2025,168.4,"Ottawa, Ontario"
1,2026,173.4,"Ottawa, Ontario"
2,2026,173.3,"Ottawa, Ontario"
3,2026,173.3,"Ottawa, Ontario"
4,2026,173.2,"Ottawa, Ontario"
5,2026,173.2,"Ottawa, Ontario"
6,2026,173.1,"Ottawa, Ontario"
7,2026,173.1,"Ottawa, Ontario"
8,2026,173.0,"Ottawa, Ontario"
9,2026,172.9,"Ottawa, Ontario"
10,2026,172.9,"Ottawa, Ontario"
11,2026,172.8,"Ottawa, Ontario"
12,2026,172.8,"Ottawa, Ontario"
1,2027,177.8,"Ottawa, Ontario"
2,2027,177.7,"Ottawa, Ontario"
3,2027,177.7,"Ottawa, Ontario"
4,2027,177.6,"Ottawa, Ontario"
5,2027,177.6,"Ottawa, Ontario"
6,2027,177.5,"Ottawa, Ontario"
7,2027,177.5,"Ottawa, Ontario"
8,2027,177.4,"Ottawa, Ontario"
9,2027,177.3,"Ottawa, Ontario"
10,2027,177.3,"Ottawa, Ontario"
11,2027,177.2,"Ottawa, Ontario"
12,2027,177.2,"Ottawa, Ontario"
1,2028,182.2,"Ottawa, Ontario"
2,2028,182.1,"Ottawa, Ontario"
3,2028,182.1,"Ottawa, Ontario"
4,2028,182.0,"Ottawa, Ontario"
5,2028,182.0,"Ottawa, Ontario"
6,2028,181.9,"Ottawa, Ontario"
7,2028,181.9,"Ottawa, Ontario"
8,2028,181.8,"Ottawa, Ontario"
9,2028,181.7,"Ottawa, Ontario"
10,2028,181.7,"Ottawa, Ontario"
11,2028,181.6,"Ottawa, Ontario"
12,2028,181.6,"Ottawa, Ontario"
1,2029,186.6,"Ottawa, Ontario"
2,2029,186.5,"Ottawa, Ontario"
3,2029,186.5,"Ottawa, Ontario"
4,2024,145.4,"Québec, Quebec"
5,2024,145.5,"Québec, Quebec"
6,2024,145.5,"Québec, Quebec"
7,2024,145.5,"Québec, Quebec"
8,2024,145.5,"Québec, Quebec"
9,2024,145.5,"Québec, Quebec"
10,2024,145.5,"Québec, Quebec"
11,2024,145.6,"Québec, Quebec"
12,2024,145.6,"Québec, Quebec"
1,2025,149.1,"Québec, Quebec"
2,2025,149.1,"Québec, Quebec"
3,2025,149.1,"Québec, Quebec"
4,2025,149.1,"Québec, Quebec"
5,2025,149.1,"Québec, Quebec"
6,2025,149.2,"Québec, Quebec"
7,2025,149.2,"Québec, Quebec"
8,2025,149.2,"Québec, Quebec"
9,2025,149.2,"Québec, Quebec"
10,2025,149.2,"Québec, Quebec"
11,2025,149.2,"Québec, Quebec"
12,2025,149.3,"Québec, Quebec"
1,2026,152.8,"Québec, Quebec"
2,2026,152.8,"Québec, Quebec"
3,2026,152.8,"Québec, Quebec"
4,2026,152.8,"Québec, Quebec"
5,2026,152.8,"Québec, Quebec"
6,2026,152.8,"Québec, Quebec"
7,2026,152.9,"Québec, Quebec"
8,2026,152.9,"Québec, Quebec"
9,2026,152.9,"Québec, Quebec"
10,2026,152.9,"Québec, Quebec"
11,2026,152.9,"Québec, Quebec"
12,2026,152.9,"Québec, Quebec"
1,2027,156.4,"Québec, Quebec"
2,2027,156.4,"Québec, Quebec"
3,2027,156.5,"Québec, Quebec"
4,2027,156.5,"Québec, Quebec"
5,2027,156.5,"Québec, Quebec"
6,2027,156.5,"Québec, Quebec"
7,2027,156.5,"Québec, Quebec"
8,2027,156.6,"Québec, Quebec"
9,2027,156.6,"Québec, Quebec"
10,2027,156.6,"Québec, Quebec"
11,2027,156.6,"Québec, Quebec"
12,2027,156.6,"Québec, Quebec"
1,2028,160.1,"Québec, Quebec"
2,2028,160.1,"Québec, Quebec"
3,2028,160.1,"Québec, Quebec"
4,2028,160.2,"Québec, Quebec"
5,2028,160.2,"Québec, Quebec"
6,2028,160.2,"Québec, Quebec"
7,2028,160.2,"Québec, Quebec"
8,2028,160.2,"Québec, Quebec"
9,2028,160.2,"Québec, Quebec"
10,2028,160.3,"Québec, Quebec"
11,2028,160.3,"Québec, Quebec"
12,2028,160.3,"Québec, Quebec"
1,2029,163.8,"Québec, Quebec"
2,2029,163.8,"Québec, Quebec"
3,2029,163.8,"Québec, Quebec"
4,2024,142.0,"Regina, Saskatchewan"
5,2024,142.4,"Regina, Saskatchewan"
6,2024,142.9,"Regina, Saskatchewan"
7,2024,143.4,"Regina, Saskatchewan"
8,2024,143.9,"Regina, Saskatchewan"
9,2024,144.3,"Regina, Saskatchewan"
10,2024,144.8,"Regina, Saskatchewan"
11,2024,145.3,"Regina, Saskatchewan"
12,2024,145.7,"Regina, Saskatchewan"
1,2025,144.1,"Regina, Saskatchewan"
2,2025,144.6,"Regina, Saskatchewan"
3,2025,145.1,"Regina, Saskatchewan"
4,2025,145.5,"Regina, Saskatchewan"
5,2025,146.0,"Regina, Saskatchewan"
6,2025,146.5,"Regina, Saskatchewan"
7,2025,147.0,"Regina, Saskatchewan"
8,2025,147.4,"Regina, Saskatchewan"
9,2025,147.9,"Regina, Saskatchewan"
10,2025,148.4,"Regina, Saskatchewan"
11,2025,148.8,"Regina, Saskatchewan"
12,2025,149.3,"Regina, Saskatchewan"
1,2026,147.7,"Regina, Saskatchewan"
2,2026,148.2,"Regina, Saskatchewan"
3,2026,148.6,"Regina, Saskatchewan"
4,2026,149.1,"Regina, Saskatchewan"
5,2026,149.6,"Regina, Saskatchewan"
6,2026,150.1,"Regina, Saskatchewan"
7,2026,150.5,"Regina, Saskatchewan"
8,2026,151.0,"Regina, Saskatchewan"
9,2026,151.5,"Regina, Saskatchewan"
10,2026,151.9,"Regina, Saskatchewan"
11,2026,152.4,"Regina, Saskatchewan"
12,2026,152.9,"Regina, Saskatchewan"
1,2027,151.3,"Regina, Saskatchewan"
2,2027,151.7,"Regina, Saskatchewan"
3,2027,152.2,"Regina, Saskatchewan"
4,2027,152.7,"Regina, Saskatchewan"
5,2027,153.2,"Regina, Saskatchewan"
6,2027,153.6,"Regina, Saskatchewan"
7,2027,154.1,"Regina, Saskatchewan"
8,2027,154.6,"Regina, Saskatchewan"
9,2027,155.0,"Regina, Saskatchewan"
10,2027,155.5,"Regina, Saskatchewan"
11,2027,156.0,"Regina, Saskatchewan"
12,2027,156.5,"Regina, Saskatchewan"
1,2028,154.8,"Regina, Saskatchewan"
2,2028,155.3,"Regina, Saskatchewan"
3,2028,155.8,"Regina, Saskatchewan"
4,2028,156.2,"Regina, Saskatchewan"
5,2028,156.7,"Regina, Saskatchewan"
6,2028,157.2,"Regina, Saskatchewan"
7,2028,157.7,"Regina, Saskatchewan"
8,2028,158.1,"Regina, Saskatchewan"
9,2028,158.6,"Regina, Saskatchewan"
10,2028,159.1,"Regina, Saskatchewan"
11,2028,159.5,"Regina, Saskatchewan"
12,2028,160.0,"Regina, Saskatchewan"
1,2029,158.4,"Regina, Saskatchewan"
2,2029,158.9,"Regina, Saskatchewan"
3,2029,159.3,"Regina, Saskatchewan"
4,2024,149.7,"Saint John, New Brunswick"
5,2024,150.0,"Saint John, New Brunswick"
6,2024,150.3,"Saint John, New Brunswick"
7,2024,150.7,"Saint John, New Brunswick"
8,2024,151.0,"Saint John, New Brunswick"
9,2024,151.3,"Saint John, New Brunswick"
10,2024,151.7,"Saint John, New Brunswick"
11,2024,152.0,"Saint John, New Brunswick"
12,2024,152.3,"Saint John, New Brunswick"
1,2025,152.5,"Saint John, New Brunswick"
2,2025,152.8,"Saint John, New Brunswick"
3,2025,153.2,"Saint John, New Brunswick"
4,2025,153.5,"Saint John, New Brunswick"
5,2025,153.8,"Saint John, New Brunswick"
6,2025,154.1,"Saint John, New Brunswick"
7,2025,154.5,"Saint John, New Brunswick"
8,2025,154.8,"Saint John, New Brunswick"
9,2025,155.1,"Saint John, New Brunswick"
10,2025,155.5,"Saint John, New Brunswick"
11,2025,155.8,"Saint John, New Brunswick"
12,2025,156.1,"Saint John, New Brunswick"
1,2026,156.3,"Saint John, New Brunswick"
2,2026,156.6,"Saint John, New Brunswick"
3,2026,157.0,"Saint John, New Brunswick"
4,2026,157.3,"Saint John, New Brunswick"
5,2026,157.6,"Saint John, New Brunswick"
6,2026,158.0,"Saint John, New Brunswick"
7,2026,158.3,"Saint John, New Brunswick"
8,2026,158.6,"Saint John, New Brunswick"
9,2026,158.9,"Saint John, New Brunswick"
10,2026,159.3,"Saint John, New Brunswick"
11,2026,159.6,"Saint John, New Brunswick"
12,2026,159.9,"Saint John, New Brunswick"
1,2027,160.1,"Saint John, New Brunswick"
2,2027,160.4,"Saint John, New Brunswick"
3,2027,160.8,"Saint John, New Brunswick"
4,2027,161.1,"Saint John, New Brunswick"
5,2027,161.4,"Saint John, New Brunswick"
6,2027,161.8,"Saint John, New Brunswick"
7,2027,162.1,"Saint John, New Brunswick"
8,2027,162.4,"Saint John, New Brunswick"
9,2027,162.7,"Saint John, New Brunswick"
10,2027,163.1,"Saint John, New Brunswick"
11,2027,163.4,"Saint John, New Brunswick"
12,2027,163.7,"Saint John, New Brunswick"
1,2028,163.9,"Saint John, New Brunswick"
2,2028,164.2,"Saint John, New Brunswick"
3,2028,164.6,"Saint John, New Brunswick"
4,2028,164.9,"Saint John, New Brunswick"
5,2028,165.2,"Saint John, New Brunswick"
6,2028,165.6,"Saint John, New Brunswick"
7,2028,165.9,"Saint John, New Brunswick"
8,2028,166.2,"Saint John, New Brunswick"
9,2028,166.6,"Saint John, New Brunswick"
10,2028,166.9,"Saint John, New Brunswick"
11,2028,167.2,"Saint John, New Brunswick"
12,2028,167.5,"Saint John, New Brunswick"
1,2029,167.7,"Saint John, New Brunswick"
2,2029,168.0,"Saint John, New Brunswick"
3,2029,168.4,"Saint John, New Brunswick"
4,2024,136.3,"Saskatoon, Saskatchewan"
5,2024,136.7,"Saskatoon, Saskatchewan"
6,2024,137.2,"Saskatoon, Saskatchewan"
7,2024,137.6,"Saskatoon, Saskatchewan"
8,2024,138.1,"Saskatoon, Saskatchewan"
9,2024,138.6,"Saskatoon, Saskatchewan"
10,2024,139.0,"Saskatoon, Saskatchewan"
11,2024,139.5,"Saskatoon, Saskatchewan"
12,2024,140.0,"Saskatoon, Saskatchewan"
1,2025,138.2,"Saskatoon, Saskatchewan"
2,2025,138.6,"Saskatoon, Saskatchewan"
3,2025,139.1,"Saskatoon, Saskatchewan"
4,2025,139.6,"Saskatoon, Saskatchewan"
5,2025,140.0,"Saskatoon, Saskatchewan"
6,2025,140.5,"Saskatoon, Saskatchewan"
7,2025,140.9,"Saskatoon, Saskatchewan"
8,2025,141.4,"Saskatoon, Saskatchewan"
9,2025,141.9,"Saskatoon, Saskatchewan"
10,2025,142.3,"Saskatoon, Saskatchewan"
11,2025,142.8,"Saskatoon, Saskatchewan"
12,2025,143.2,"Saskatoon, Saskatchewan"
1,2026,141.5,"Saskatoon, Saskatchewan"
2,2026,141.9,"Saskatoon, Saskatchewan"
3,2026,142.4,"Saskatoon, Saskatchewan"
4,2026,142.8,"Saskatoon, Saskatchewan"
5,2026,143.3,"Saskatoon, Saskatchewan"
6,2026,143.8,"Saskatoon, Saskatchewan"
7,2026,144.2,"Saskatoon, Saskatchewan"
8,2026,144.7,"Saskatoon, Saskatchewan"
9,2026,145.1,"Saskatoon, Saskatchewan"
10,2026,145.6,"Saskatoon, Saskatchewan"
11,2026,146.1,"Saskatoon, Saskatchewan"
12,2026,146.5,"Saskatoon, Saskatchewan"
1,2027,144.7,"Saskatoon, Saskatchewan"
2,2027,145.2,"Saskatoon, Saskatchewan"
3,2027,145.7,"Saskatoon, Saskatchewan"
4,2027,146.1,"Saskatoon, Saskatchewan"
5,2027,146.6,"Saskatoon, Saskatchewan"
6,2027,147.1,"Saskatoon, Saskatchewan"
7,2027,147.5,"Saskatoon, Saskatchewan"
8,2027,148.0,"Saskatoon, Saskatchewan"
9,2027,148.4,"Saskatoon, Saskatchewan"
10,2027,148.9,"Saskatoon, Saskatchewan"
11,2027,149.4,"Saskatoon, Saskatchewan"
12,2027,149.8,"Saskatoon, Saskatchewan"
1,2028,148.0,"Saskatoon, Saskatchewan"
2,2028,148.5,"Saskatoon, Saskatchewan"
3,2028,149.0,"Saskatoon, Saskatchewan"
4,2028,149.4,"Saskatoon, Saskatchewan"
5,2028,149.9,"Saskatoon, Saskatchewan"
6,2028,150.3,"Saskatoon, Saskatchewan"
7,2028,150.8,"Saskatoon, Saskatchewan"
8,2028,151.3,"Saskatoon, Saskatchewan"
9,2028,151.7,"Saskatoon, Saskatchewan"
10,2028,152.2,"Saskatoon, Saskatchewan"
11,2028,152.6,"Saskatoon, Saskatchewan"
12,2028,153.1,"Saskatoon, Saskatchewan"
1,2029,151.3,"Saskatoon, Saskatchewan"
2,2029,151.8,"Saskatoon, Saskatchewan"
3,2029,152.2,"Saskatoon, Saskatchewan"
4,2024,130.6,"St. John's, Newfoundland and Labrador"
5,2024,131.0,"St. John's, Newfoundland and Labrador"
6,2024,131.3,"St. John's, Newfoundland and Labrador"
7,2024,131.6,"St. John's, Newfoundland and Labrador"
8,2024,131.9,"St. John's, Newfoundland and Labrador"
9,2024,132.2,"St. John's, Newfoundland and Labrador"
10,2024,132.6,"St. John's, Newfoundland and Labrador"
11,2024,132.9,"St. John's, Newfoundland and Labrador"
12,2024,133.2,"St. John's, Newfoundland and Labrador"
1,2025,132.8,"St. John's, Newfoundland and Labrador"
2,2025,133.1,"St. John's, Newfoundland and Labrador"
3,2025,133.4,"St. John's, Newfoundland and Labrador"
4,2025,133.8,"St. John's, Newfoundland and Labrador"
5,2025,134.1,"St. John's, Newfoundland and Labrador"
6,2025,134.4,"St. John's, Newfoundland and Labrador"
7,2025,134.7,"St. John's, Newfoundland and Labrador"
8,2025,135.0,"St. John's, Newfoundland and Labrador"
9,2025,135.4,"St. John's, Newfoundland and Labrador"
10,2025,135.7,"St. John's, Newfoundland and Labrador"
11,2025,136.0,"St. John's, Newfoundland and Labrador"
12,2025,136.3,"St. John's, Newfoundland and Labrador"
1,2026,135.9,"St. John's, Newfoundland and Labrador"
2,2026,136.2,"St. John's, Newfoundland and Labrador"
3,2026,136.5,"St. John's, Newfoundland and Labrador"
4,2026,136.9,"St. John's, Newfoundland and Labrador"
5,2026,137.2,"St. John's, Newfoundland and Labrador"
6,2026,137.5,"St. John's, Newfoundland and Labrador"
7,2026,137.8,"St. John's, Newfoundland and Labrador"
8,2026,138.2,"St. John's, Newfoundland and Labrador"
9,2026,138.5,"St. John's, Newfoundland and Labrador"
10,2026,138.8,"St. John's, Newfoundland and Labrador"
11,2026,139.1,"St. John's, Newfoundland and Labrador"
12,2026,139.4,"St. John's, Newfoundland and Labrador"
1,2027,139.0,"St. John's, Newfoundland and Labrador"
2,2027,139.3,"St. John's, Newfoundland and Labrador"
3,2027,139.7,"St. John's, Newfoundland and Labrador"
4,2027,140.0,"St. John's, Newfoundland and Labrador"
5,2027,140.3,"St. John's, Newfoundland and Labrador"
6,2027,140.6,"St. John's, Newfoundland and Labrador"
7,2027,140.9,"St. John's, Newfoundland and Labrador"
8,2027,141.3,"St. John's, Newfoundland and Labrador"
9,2027,141.6,"St. John's, Newfoundland and Labrador"
10,2027,141.9,"St. John's, Newfoundland and Labrador"
11,2027,142.2,"St. John's, Newfoundland and Labrador"
12,2027,142.6,"St. John's, Newfoundland and Labrador"
1,2028,142.1,"St. John's, Newfoundland and Labrador"
2,2028,142.5,"St. John's, Newfoundland and Labrador"
3,2028,142.8,"St. John's, Newfoundland and Labrador"
4,2028,143.1,"St. John's, Newfoundland and Labrador"
5,2028,143.4,"St. John's, Newfoundland and Labrador"
6,2028,143.7,"St. John's, Newfoundland and Labrador"
7,2028,144.1,"St. John's, Newfoundland and Labrador"
8,2028,144.4,"St. John's, Newfoundland and Labrador"
9,2028,144.7,"St. John's, Newfoundland and Labrador"
10,2028,145.0,"St. John's, Newfoundland and Labrador"
11,2028,145.3,"St. John's, Newfoundland and Labrador"
12,2028,145.7,"St. John's, Newfoundland and Labrador"
1,2029,145.3,"St. John's, Newfoundland and Labrador"
2,2029,145.6,"St. John's, Newfoundland and Labrador"
3,2029,145.9,"St. John's, Newfoundland and Labrador"
4,2024,162.9,"Thunder Bay, Ontario "
5,2024,163.3,"Thunder Bay, Ontario "
6,2024,163.7,"Thunder Bay, Ontario "
7,2024,164.2,"Thunder Bay, Ontario "
8,2024,164.6,"Thunder Bay, Ontario "
9,2024,165.0,"Thunder Bay, Ontario "
10,2024,165.4,"Thunder Bay, Ontario "
11,2024,165.8,"Thunder Bay, Ontario "
12,2024,166.2,"Thunder Bay, Ontario "
1,2025,166.0,"Thunder Bay, Ontario "
2,2025,166.4,"Thunder Bay, Ontario "
3,2025,166.8,"Thunder Bay, Ontario "
4,2025,167.2,"Thunder Bay, Ontario "
5,2025,167.6,"Thunder Bay, Ontario "
6,2025,168.0,"Thunder Bay, Ontario "
7,2025,168.4,"Thunder Bay, Ontario "
8,2025,168.9,"Thunder Bay, Ontario "
9,2025,169.3,"Thunder Bay, Ontario "
10,2025,169.7,"Thunder Bay, Ontario "
11,2025,170.1,"Thunder Bay, Ontario "
12,2025,170.5,"Thunder Bay, Ontario "
1,2026,170.3,"Thunder Bay, Ontario "
2,2026,170.7,"Thunder Bay, Ontario "
3,2026,171.1,"Thunder Bay, Ontario "
4,2026,171.5,"Thunder Bay, Ontario "
5,2026,171.9,"Thunder Bay, Ontario "
6,2026,172.3,"Thunder Bay, Ontario "
7,2026,172.7,"Thunder Bay, Ontario "
8,2026,173.1,"Thunder Bay, Ontario "
9,2026,173.6,"Thunder Bay, Ontario "
10,2026,174.0,"Thunder Bay, Ontario "
11,2026,174.4,"Thunder Bay, Ontario "
12,2026,174.8,"Thunder Bay, Ontario "
1,2027,174.6,"Thunder Bay, Ontario "
2,2027,175.0,"Thunder Bay, Ontario "
3,2027,175.4,"Thunder Bay, Ontario "
4,2027,175.8,"Thunder Bay, Ontario "
5,2027,176.2,"Thunder Bay, Ontario "
6,2027,176.6,"Thunder Bay, Ontario "
7,2027,177.0,"Thunder Bay, Ontario "
8,2027,177.4,"Thunder Bay, Ontario "
9,2027,177.8,"Thunder Bay, Ontario "
10,2027,178.3,"Thunder Bay, Ontario "
11,2027,178.7,"Thunder Bay, Ontario "
12,2027,179.1,"Thunder Bay, Ontario "
1,2028,178.9,"Thunder Bay, Ontario "
2,2028,179.3,"Thunder Bay, Ontario "
3,2028,179.7,"Thunder Bay, Ontario "
4,2028,180.1,"Thunder Bay, Ontario "
5,2028,180.5,"Thunder Bay, Ontario "
6,2028,180.9,"Thunder Bay, Ontario "
7,2028,181.3,"Thunder Bay, Ontario "
8,2028,181.7,"Thunder Bay, Ontario "
9,2028,182.1,"Thunder Bay, Ontario "
10,2028,182.5,"Thunder Bay, Ontario "
11,2028,183.0,"Thunder Bay, Ontario "
12,2028,183.4,"Thunder Bay, Ontario "
1,2029,183.2,"Thunder Bay, Ontario "
2,2029,183.6,"Thunder Bay, Ontario "
3,2029,184.0,"Thunder Bay, Ontario "
4,2024,162.1,"Toronto, Ontario"
5,2024,162.3,"Toronto, Ontario"
6,2024,162.4,"Toronto, Ontario"
7,2024,162.6,"Toronto, Ontario"
8,2024,162.7,"Toronto, Ontario"
9,2024,162.9,"Toronto, Ontario"
10,2024,163.1,"Toronto, Ontario"
11,2024,163.2,"Toronto, Ontario"
12,2024,163.4,"Toronto, Ontario"
1,2025,166.0,"Toronto, Ontario"
2,2025,166.1,"Toronto, Ontario"
3,2025,166.3,"Toronto, Ontario"
4,2025,166.4,"Toronto, Ontario"
5,2025,166.6,"Toronto, Ontario"
6,2025,166.7,"Toronto, Ontario"
7,2025,166.9,"Toronto, Ontario"
8,2025,167.0,"Toronto, Ontario"
9,2025,167.2,"Toronto, Ontario"
10,2025,167.4,"Toronto, Ontario"
11,2025,167.5,"Toronto, Ontario"
12,2025,167.7,"Toronto, Ontario"
1,2026,170.3,"Toronto, Ontario"
2,2026,170.4,"Toronto, Ontario"
3,2026,170.6,"Toronto, Ontario"
4,2026,170.7,"Toronto, Ontario"
5,2026,170.9,"Toronto, Ontario"
6,2026,171.0,"Toronto, Ontario"
7,2026,171.2,"Toronto, Ontario"
8,2026,171.3,"Toronto, Ontario"
9,2026,171.5,"Toronto, Ontario"
10,2026,171.7,"Toronto, Ontario"
11,2026,171.8,"Toronto, Ontario"
12,2026,172.0,"Toronto, Ontario"
1,2027,174.6,"Toronto, Ontario"
2,2027,174.7,"Toronto, Ontario"
3,2027,174.9,"Toronto, Ontario"
4,2027,175.0,"Toronto, Ontario"
5,2027,175.2,"Toronto, Ontario"
6,2027,175.3,"Toronto, Ontario"
7,2027,175.5,"Toronto, Ontario"
8,2027,175.7,"Toronto, Ontario"
9,2027,175.8,"Toronto, Ontario"
10,2027,176.0,"Toronto, Ontario"
11,2027,176.1,"Toronto, Ontario"
12,2027,176.3,"Toronto, Ontario"
1,2028,178.9,"Toronto, Ontario"
2,2028,179.0,"Toronto, Ontario"
3,2028,179.2,"Toronto, Ontario"
4,2028,179.3,"Toronto, Ontario"
5,2028,179.5,"Toronto, Ontario"
6,2028,179.6,"Toronto, Ontario"
7,2028,179.8,"Toronto, Ontario"
8,2028,180.0,"Toronto, Ontario"
9,2028,180.1,"Toronto, Ontario"
10,2028,180.3,"Toronto, Ontario"
11,2028,180.4,"Toronto, Ontario"
12,2028,180.6,"Toronto, Ontario"
1,2029,183.2,"Toronto, Ontario"
2,2029,183.3,"Toronto, Ontario"
3,2029,183.5,"Toronto, Ontario"
4,2024,154.9,"Vancouver, British Columbia"
5,2024,155.3,"Vancouver, British Columbia"
6,2024,155.8,"Vancouver, British Columbia"
7,2024,156.2,"Vancouver, British Columbia"
8,2024,156.7,"Vancouver, British Columbia"
9,2024,157.1,"Vancouver, British Columbia"
10,2024,157.6,"Vancouver, British Columbia"
11,2024,158.0,"Vancouver, British Columbia"
12,2024,158.5,"Vancouver, British Columbia"
1,2025,157.5,"Vancouver, British Columbia"
2,2025,157.9,"Vancouver, British Columbia"
3,2025,158.4,"Vancouver, British Columbia"
4,2025,158.8,"Vancouver, British Columbia"
5,2025,159.3,"Vancouver, British Columbia"
6,2025,159.7,"Vancouver, British Columbia"
7,2025,160.2,"Vancouver, British Columbia"
8,2025,160.6,"Vancouver, British Columbia"
9,2025,161.0,"Vancouver, British Columbia"
10,2025,161.5,"Vancouver, British Columbia"
11,2025,161.9,"Vancouver, British Columbia"
12,2025,162.4,"Vancouver, British Columbia"
1,2026,161.4,"Vancouver, British Columbia"
2,2026,161.9,"Vancouver, British Columbia"
3,2026,162.3,"Vancouver, British Columbia"
4,2026,162.7,"Vancouver, British Columbia"
5,2026,163.2,"Vancouver, British Columbia"
6,2026,163.6,"Vancouver, British Columbia"
7,2026,164.1,"Vancouver, British Columbia"
8,2026,164.5,"Vancouver, British Columbia"
9,2026,165.0,"Vancouver, British Columbia"
10,2026,165.4,"Vancouver, British Columbia"
11,2026,165.9,"Vancouver, British Columbia"
12,2026,166.3,"Vancouver, British Columbia"
1,2027,165.3,"Vancouver, British Columbia"
2,2027,165.8,"Vancouver, British Columbia"
3,2027,166.2,"Vancouver, British Columbia"
4,2027,166.7,"Vancouver, British Columbia"
5,2027,167.1,"Vancouver, British Columbia"
6,2027,167.6,"Vancouver, British Columbia"
7,2027,168.0,"Vancouver, British Columbia"
8,2027,168.4,"Vancouver, British Columbia"
9,2027,168.9,"Vancouver, British Columbia"
10,2027,169.3,"Vancouver, British Columbia"
11,2027,169.8,"Vancouver, British Columbia"
12,2027,170.2,"Vancouver, British Columbia"
1,2028,169.3,"Vancouver, British Columbia"
2,2028,169.7,"Vancouver, British Columbia"
3,2028,170.2,"Vancouver, British Columbia"
4,2028,170.6,"Vancouver, British Columbia"
5,2028,171.0,"Vancouver, British Columbia"
6,2028,171.5,"Vancouver, British Columbia"
7,2028,171.9,"Vancouver, British Columbia"
8,2028,172.4,"Vancouver, British Columbia"
9,2028,172.8,"Vancouver, British Columbia"
10,2028,173.3,"Vancouver, British Columbia"
11,2028,173.7,"Vancouver, British Columbia"
12,2028,174.2,"Vancouver, British Columbia"
1,2029,173.2,"Vancouver, British Columbia"
2,2029,173.6,"Vancouver, British Columbia"
3,2029,174.1,"Vancouver, British Columbia"
4,2024,172.8,"Victoria, British Columbia"
5,2024,173.2,"Victoria, British Columbia"
6,2024,173.7,"Victoria, British Columbia"
7,2024,174.1,"Victoria, British Columbia"
8,2024,174.5,"Victoria, British Columbia"
9,2024,174.9,"Victoria, British Columbia"
10,2024,175.3,"Victoria, British Columbia"
11,2024,175.7,"Victoria, British Columbia"
12,2024,176.1,"Victoria, British Columbia"
1,2025,176.2,"Victoria, British Columbia"
2,2025,176.6,"Victoria, British Columbia"
3,2025,177.0,"Victoria, British Columbia"
4,2025,177.4,"Victoria, British Columbia"
5,2025,177.8,"Victoria, British Columbia"
6,2025,178.3,"Victoria, British Columbia"
7,2025,178.7,"Victoria, British Columbia"
8,2025,179.1,"Victoria, British Columbia"
9,2025,179.5,"Victoria, British Columbia"
10,2025,179.9,"Victoria, British Columbia"
11,2025,180.3,"Victoria, British Columbia"
12,2025,180.7,"Victoria, British Columbia"
1,2026,180.8,"Victoria, British Columbia"
2,2026,181.2,"Victoria, British Columbia"
3,2026,181.6,"Victoria, British Columbia"
4,2026,182.0,"Victoria, British Columbia"
5,2026,182.4,"Victoria, British Columbia"
6,2026,182.9,"Victoria, British Columbia"
7,2026,183.3,"Victoria, British Columbia"
8,2026,183.7,"Victoria, British Columbia"
9,2026,184.1,"Victoria, British Columbia"
10,2026,184.5,"Victoria, British Columbia"
11,2026,184.9,"Victoria, British Columbia"
12,2026,185.3,"Victoria, British Columbia"
1,2027,185.4,"Victoria, British Columbia"
2,2027,185.8,"Victoria, British Columbia"
3,2027,186.2,"Victoria, British Columbia"
4,2027,186.6,"Victoria, British Columbia"
5,2027,187.0,"Victoria, British Columbia"
6,2027,187.5,"Victoria, British Columbia"
7,2027,187.9,"Victoria, British Columbia"
8,2027,188.3,"Victoria, British Columbia"
9,2027,188.7,"Victoria, British Columbia"
10,2027,189.1,"Victoria, British Columbia"
11,2027,189.5,"Victoria, British Columbia"
12,2027,189.9,"Victoria, British Columbia"
1,2028,190.0,"Victoria, British Columbia"
2,2028,190.4,"Victoria, British Columbia"
3,2028,190.8,"Victoria, British Columbia"
4,2028,191.2,"Victoria, British Columbia"
5,2028,191.6,"Victoria, British Columbia"
6,2028,192.1,"Victoria, British Columbia"
7,2028,192.5,"Victoria, British Columbia"
8,2028,192.9,"Victoria, British Columbia"
9,2028,193.3,"Victoria, British Columbia"
10,2028,193.7,"Victoria, British Columbia"
11,2028,194.1,"Victoria, British Columbia"
12,2028,194.5,"Victoria, British Columbia"
1,2029,194.6,"Victoria, British Columbia"
2,2029,195.0,"Victoria, British Columbia"
3,2029,195.4,"Victoria, British Columbia"
4,2024,158.1,"Whitehorse, Yukon"
5,2024,158.6,"Whitehorse, Yukon"
6,2024,159.0,"Whitehorse, Yukon"
7,2024,159.4,"Whitehorse, Yukon"
8,2024,159.9,"Whitehorse, Yukon"
9,2024,160.3,"Whitehorse, Yukon"
10,2024,160.7,"Whitehorse, Yukon"
11,2024,161.2,"Whitehorse, Yukon"
12,2024,161.6,"Whitehorse, Yukon"
1,2025,160.7,"Whitehorse, Yukon"
2,2025,161.2,"Whitehorse, Yukon"
3,2025,161.6,"Whitehorse, Yukon"
4,2025,162.1,"Whitehorse, Yukon"
5,2025,162.5,"Whitehorse, Yukon"
6,2025,162.9,"Whitehorse, Yukon"
7,2025,163.4,"Whitehorse, Yukon"
8,2025,163.8,"Whitehorse, Yukon"
9,2025,164.2,"Whitehorse, Yukon"
10,2025,164.7,"Whitehorse, Yukon"
11,2025,165.1,"Whitehorse, Yukon"
12,2025,165.5,"Whitehorse, Yukon"
1,2026,164.7,"Whitehorse, Yukon"
2,2026,165.1,"Whitehorse, Yukon"
3,2026,165.5,"Whitehorse, Yukon"
4,2026,166.0,"Whitehorse, Yukon"
5,2026,166.4,"Whitehorse, Yukon"
6,2026,166.9,"Whitehorse, Yukon"
7,2026,167.3,"Whitehorse, Yukon"
8,2026,167.7,"Whitehorse, Yukon"
9,2026,168.2,"Whitehorse, Yukon"
10,2026,168.6,"Whitehorse, Yukon"
11,2026,169.0,"Whitehorse, Yukon"
12,2026,169.5,"Whitehorse, Yukon"
1,2027,168.6,"Whitehorse, Yukon"
2,2027,169.0,"Whitehorse, Yukon"
3,2027,169.5,"Whitehorse, Yukon"
4,2027,169.9,"Whitehorse, Yukon"
5,2027,170.4,"Whitehorse, Yukon"
6,2027,170.8,"Whitehorse, Yukon"
7,2027,171.2,"Whitehorse, Yukon"
8,2027,171.7,"Whitehorse, Yukon"
9,2027,172.1,"Whitehorse, Yukon"
10,2027,172.5,"Whitehorse, Yukon"
11,2027,173.0,"Whitehorse, Yukon"
12,2027,173.4,"Whitehorse, Yukon"
1,2028,172.5,"Whitehorse, Yukon"
2,2028,173.0,"Whitehorse, Yukon"
3,2028,173.4,"Whitehorse, Yukon"
4,2028,173.9,"Whitehorse, Yukon"
5,2028,174.3,"Whitehorse, Yukon"
6,2028,174.7,"Whitehorse, Yukon"
7,2028,175.2,"Whitehorse, Yukon"
8,2028,175.6,"Whitehorse, Yukon"
9,2028,176.0,"Whitehorse, Yukon"
10,2028,176.5,"Whitehorse, Yukon"
11,2028,176.9,"Whitehorse, Yukon"
12,2028,177.3,"Whitehorse, Yukon"
1,2029,176.5,"Whitehorse, Yukon"
2,2029,176.9,"Whitehorse, Yukon"
3,2029,177.4,"Whitehorse, Yukon"
4,2024,139.6,"Winnipeg, Manitoba"
5,2024,140.1,"Winnipeg, Manitoba"
6,2024,140.6,"Winnipeg, Manitoba"
7,2024,141.1,"Winnipeg, Manitoba"
8,2024,141.6,"Winnipeg, Manitoba"
9,2024,142.1,"Winnipeg, Manitoba"
10,2024,142.6,"Winnipeg, Manitoba"
11,2024,143.1,"Winnipeg, Manitoba"
12,2024,143.6,"Winnipeg, Manitoba"
1,2025,141.5,"Winnipeg, Manitoba"
2,2025,142.0,"Winnipeg, Manitoba"
3,2025,142.5,"Winnipeg, Manitoba"
4,2025,142.9,"Winnipeg, Manitoba"
5,2025,143.4,"Winnipeg, Manitoba"
6,2025,143.9,"Winnipeg, Manitoba"
7,2025,144.4,"Winnipeg, Manitoba"
8,2025,144.9,"Winnipeg, Manitoba"
9,2025,145.4,"Winnipeg, Manitoba"
10,2025,145.9,"Winnipeg, Manitoba"
11,2025,146.4,"Winnipeg, Manitoba"
12,2025,146.9,"Winnipeg, Manitoba"
1,2026,144.8,"Winnipeg, Manitoba"
2,2026,145.3,"Winnipeg, Manitoba"
3,2026,145.8,"Winnipeg, Manitoba"
4,2026,146.3,"Winnipeg, Manitoba"
5,2026,146.8,"Winnipeg, Manitoba"
6,2026,147.3,"Winnipeg, Manitoba"
7,2026,147.7,"Winnipeg, Manitoba"
8,2026,148.2,"Winnipeg, Manitoba"
9,2026,148.7,"Winnipeg, Manitoba"
10,2026,149.2,"Winnipeg, Manitoba"
11,2026,149.7,"Winnipeg, Manitoba"
12,2026,150.2,"Winnipeg, Manitoba"
1,2027,148.1,"Winnipeg, Manitoba"
2,2027,148.6,"Winnipeg, Manitoba"
3,2027,149.1,"Winnipeg, Manitoba"
4,2027,149.6,"Winnipeg, Manitoba"
5,2027,150.1,"Winnipeg, Manitoba"
6,2027,150.6,"Winnipeg, Manitoba"
7,2027,151.1,"Winnipeg, Manitoba"
8,2027,151.6,"Winnipeg, Manitoba"
9,2027,152.1,"Winnipeg, Manitoba"
10,2027,152.5,"Winnipeg, Manitoba"
11,2027,153.0,"Winnipeg, Manitoba"
12,2027,153.5,"Winnipeg, Manitoba"
1,2028,151.4,"Winnipeg, Manitoba"
2,2028,151.9,"Winnipeg, Manitoba"
3,2028,152.4,"Winnipeg, Manitoba"
4,2028,152.9,"Winnipeg, Manitoba"
5,2028,153.4,"Winnipeg, Manitoba"
6,2028,153.9,"Winnipeg, Manitoba"
7,2028,154.4,"Winnipeg, Manitoba"
8,2028,154.9,"Winnipeg, Manitoba"
9,2028,155.4,"Winnipeg, Manitoba"
10,2028,155.9,"Winnipeg, Manitoba"
11,2028,156.4,"Winnipeg, Manitoba"
12,2028,156.8,"Winnipeg, Manitoba"
1,2029,154.7,"Winnipeg, Manitoba"
2,2029,155.2,"Winnipeg, Manitoba"
3,2029,155.7,"Winnipeg, Manitoba"
4,2024,147.7,"Yellowknife, Northwest Territories"
5,2024,148.0,"Yellowknife, Northwest Territories"
6,2024,148.4,"Yellowknife, Northwest Territories"
7,2024,148.7,"Yellowknife, Northwest Territories"
8,2024,149.1,"Yellowknife, Northwest Territories"
9,2024,149.4,"Yellowknife, Northwest Territories"
10,2024,149.8,"Yellowknife, Northwest Territories"
11,2024,150.1,"Yellowknife, Northwest Territories"
12,2024,150.5,"Yellowknife, Northwest Territories"
1,2025,150.4,"Yellowknife, Northwest Territories"
2,2025,150.7,"Yellowknife, Northwest Territories"
3,2025,151.1,"Yellowknife, Northwest Territories"
4,2025,151.4,"Yellowknife, Northwest Territories"
5,2025,151.8,"Yellowknife, Northwest Territories"
6,2025,152.1,"Yellowknife, Northwest Territories"
7,2025,152.5,"Yellowknife, Northwest Territories"
8,2025,152.8,"Yellowknife, Northwest Territories"
9,2025,153.2,"Yellowknife, Northwest Territories"
10,2025,153.5,"Yellowknife, Northwest Territories"
11,2025,153.9,"Yellowknife, Northwest Territories"
12,2025,154.2,"Yellowknife, Northwest Territories"
1,2026,154.1,"Yellowknife, Northwest Territories"
2,2026,154.5,"Yellowknife, Northwest Territories"
3,2026,154.8,"Yellowknife, Northwest Territories"
4,2026,155.2,"Yellowknife, Northwest Territories"
5,2026,155.5,"Yellowknife, Northwest Territories"
6,2026,155.9,"Yellowknife, Northwest Territories"
7,2026,156.2,"Yellowknife, Northwest Territories"
8,2026,156.6,"Yellowknife, Northwest Territories"
9,2026,156.9,"Yellowknife, Northwest Territories"
10,2026,157.3,"Yellowknife, Northwest Territories"
11,2026,157.6,"Yellowknife, Northwest Territories"
12,2026,158.0,"Yellowknife, Northwest Territories"
1,2027,157.9,"Yellowknife, Northwest Territories"
2,2027,158.2,"Yellowknife, Northwest Territories"
3,2027,158.6,"Yellowknife, Northwest Territories"
4,2027,158.9,"Yellowknife, Northwest Territories"
5,2027,159.3,"Yellowknife, Northwest Territories"
6,2027,159.6,"Yellowknife, Northwest Territories"
7,2027,160.0,"Yellowknife, Northwest Territories"
8,2027,160.3,"Yellowknife, Northwest Territories"
9,2027,160.7,"Yellowknife, Northwest Territories"
10,2027,161.0,"Yellowknife, Northwest Territories"
11,2027,161.4,"Yellowknife, Northwest Territories"
12,2027,161.7,"Yellowknife, Northwest Territories"
1,2028,161.6,"Yellowknife, Northwest Territories"
2,2028,162.0,"Yellowknife, Northwest Territories"
3,2028,162.3,"Yellowknife, Northwest Territories"
4,2028,162.7,"Yellowknife, Northwest Territories"
5,2028,163.0,"Yellowknife, Northwest Territories"
6,2028,163.4,"Yellowknife, Northwest Territories"
7,2028,163.7,"Yellowknife, Northwest Territories"
8,2028,164.1,"Yellowknife, Northwest Territories"
9,2028,164.4,"Yellowknife, Northwest Territories"
10,2028,164.8,"Yellowknife, Northwest Territories"
11,2028,165.1,"Yellowknife, Northwest Territories"
12,2028,165.5,"Yellowknife, Northwest Territories"
1,2029,165.4,"Yellowknife, Northwest Territories"
2,2029,165.7,"Yellowknife, Northwest Territories"
3,2029,166.1,"Yellowknife, Northwest Territories"
