Industry,Year,Employment,,,,,,
Goods-producing sector ,1976,306.4,,,,,,
Goods-producing sector ,1977,307.8,,,,,,
Goods-producing sector ,1978,331.3,,,,,,
Goods-producing sector ,1979,357.9,,,,,,
Goods-producing sector ,1980,377.9,,,,,,
Goods-producing sector ,1981,410.3,,,,,,
Goods-producing sector ,1982,381.3,,,,,,
Goods-producing sector ,1983,348.2,,,,,,
Goods-producing sector ,1984,324.6,,,,,,
Goods-producing sector ,1985,341.9,,,,,,
Goods-producing sector ,1986,331,,,,,,
Goods-producing sector ,1987,332.9,,,,,,
Goods-producing sector ,1988,354.2,,,,,,
Goods-producing sector ,1989,354.2,,,,,,
Goods-producing sector ,1990,361.7,,,,,,
Goods-producing sector ,1991,359,,,,,,
Goods-producing sector ,1992,356.4,,,,,,
Goods-producing sector ,1993,360.1,,,,,,
Goods-producing sector ,1994,367.9,,,,,,
Goods-producing sector ,1995,383.8,,,,,,
Goods-producing sector ,1996,394.3,,,,,,
Goods-producing sector ,1997,404.7,,,,,,
Goods-producing sector ,1998,416.9,,,,,,
Goods-producing sector ,1999,419.4,,,,,,
Goods-producing sector ,2000,428.4,,,,,,
Goods-producing sector ,2001,441.4,,,,,,
Goods-producing sector ,2002,460.7,,,,,,
Goods-producing sector ,2003,472.3,,,,,,
Goods-producing sector ,2004,497.9,,,,,,
Goods-producing sector ,2005,497.3,,,,,,
Goods-producing sector ,2006,533.1,,,,,,
Goods-producing sector ,2007,571.8,,,,,,
Goods-producing sector ,2008,595.4,,,,,,
Goods-producing sector ,2009,546.5,,,,,,
Goods-producing sector ,2010,535.6,,,,,,
Goods-producing sector ,2011,573.3,,,,,,
Goods-producing sector ,2012,617.4,,,,,,
Goods-producing sector ,2013,628.9,,,,,,
Goods-producing sector ,2014,648,,,,,,
Goods-producing sector ,2015,630,,,,,,
Goods-producing sector ,2016,561.5,,,,,,
Goods-producing sector ,2017,556.9,,,,,,
Goods-producing sector ,2018,588.4,,,,,,
Goods-producing sector ,2019,586,,,,,,
Goods-producing sector ,2020,543.9,,,,,,
Goods-producing sector ,2021,552.7,,,,,,
Goods-producing sector ,2022,569.8,,,,,,
Goods-producing sector ,2023,588.4,,,,,,
Agriculture ,1976,110.8,,,,,,
Agriculture ,1977,93.4,,,,,,
Agriculture ,1978,80.8,,,,,,
Agriculture ,1979,77.3,,,,,,
Agriculture ,1980,77.8,,,,,,
Agriculture ,1981,78.4,,,,,,
Agriculture ,1982,75.7,,,,,,
Agriculture ,1983,71.9,,,,,,
Agriculture ,1984,77.9,,,,,,
Agriculture ,1985,83.7,,,,,,
Agriculture ,1986,84.9,,,,,,
Agriculture ,1987,85.9,,,,,,
Agriculture ,1988,88.3,,,,,,
Agriculture ,1989,90,,,,,,
Agriculture ,1990,92.6,,,,,,
Agriculture ,1991,95.5,,,,,,
Agriculture ,1992,94.8,,,,,,
Agriculture ,1993,92,,,,,,
Agriculture ,1994,89.2,,,,,,
Agriculture ,1995,90.8,,,,,,
Agriculture ,1996,92.5,,,,,,
Agriculture ,1997,88.9,,,,,,
Agriculture ,1998,90,,,,,,
Agriculture ,1999,81.8,,,,,,
Agriculture ,2000,70.6,,,,,,
Agriculture ,2001,59.5,,,,,,
Agriculture ,2002,60.4,,,,,,
Agriculture ,2003,65.3,,,,,,
Agriculture ,2004,65.2,,,,,,
Agriculture ,2005,55.9,,,,,,
Agriculture ,2006,51.4,,,,,,
Agriculture ,2007,50.9,,,,,,
Agriculture ,2008,60.3,,,,,,
Agriculture ,2009,58.9,,,,,,
Agriculture ,2010,52.3,,,,,,
Agriculture ,2011,56,,,,,,
Agriculture ,2012,54.4,,,,,,
Agriculture ,2013,65.9,,,,,,
Agriculture ,2014,62.6,,,,,,
Agriculture ,2015,61.4,,,,,,
Agriculture ,2016,50.3,,,,,,
Agriculture ,2017,52.1,,,,,,
Agriculture ,2018,53.1,,,,,,
Agriculture ,2019,55.8,,,,,,
Agriculture ,2020,49.2,,,,,,
Agriculture ,2021,41.3,,,,,,
Agriculture ,2022,43.2,,,,,,
Agriculture ,2023,44.7,,,,,,
"Forestry, fishing, mining, quarrying, oil and gas",1976,37.9,,,,,,
"Forestry, fishing, mining, quarrying, oil and gas",1977,46.9,,,,,,
"Forestry, fishing, mining, quarrying, oil and gas",1978,58,,,,,,
"Forestry, fishing, mining, quarrying, oil and gas",1979,65.2,,,,,,
"Forestry, fishing, mining, quarrying, oil and gas",1980,72.9,,,,,,
"Forestry, fishing, mining, quarrying, oil and gas",1981,86,,,,,,
"Forestry, fishing, mining, quarrying, oil and gas",1982,83.2,,,,,,
"Forestry, fishing, mining, quarrying, oil and gas",1983,79.8,,,,,,
"Forestry, fishing, mining, quarrying, oil and gas",1984,78,,,,,,
"Forestry, fishing, mining, quarrying, oil and gas",1985,85.7,,,,,,
"Forestry, fishing, mining, quarrying, oil and gas",1986,76,,,,,,
"Forestry, fishing, mining, quarrying, oil and gas",1987,72.8,,,,,,
"Forestry, fishing, mining, quarrying, oil and gas",1988,76.5,,,,,,
"Forestry, fishing, mining, quarrying, oil and gas",1989,73.2,,,,,,
"Forestry, fishing, mining, quarrying, oil and gas",1990,75.4,,,,,,
"Forestry, fishing, mining, quarrying, oil and gas",1991,77,,,,,,
"Forestry, fishing, mining, quarrying, oil and gas",1992,74.6,,,,,,
"Forestry, fishing, mining, quarrying, oil and gas",1993,78.9,,,,,,
"Forestry, fishing, mining, quarrying, oil and gas",1994,79.1,,,,,,
"Forestry, fishing, mining, quarrying, oil and gas",1995,80.7,,,,,,
"Forestry, fishing, mining, quarrying, oil and gas",1996,84.6,,,,,,
"Forestry, fishing, mining, quarrying, oil and gas",1997,90.1,,,,,,
"Forestry, fishing, mining, quarrying, oil and gas",1998,87.9,,,,,,
"Forestry, fishing, mining, quarrying, oil and gas",1999,77.3,,,,,,
"Forestry, fishing, mining, quarrying, oil and gas",2000,81.9,,,,,,
"Forestry, fishing, mining, quarrying, oil and gas",2001,98.8,,,,,,
"Forestry, fishing, mining, quarrying, oil and gas",2002,95.9,,,,,,
"Forestry, fishing, mining, quarrying, oil and gas",2003,101.2,,,,,,
"Forestry, fishing, mining, quarrying, oil and gas",2004,111.2,,,,,,
"Forestry, fishing, mining, quarrying, oil and gas",2005,130,,,,,,
"Forestry, fishing, mining, quarrying, oil and gas",2006,145.4,,,,,,
"Forestry, fishing, mining, quarrying, oil and gas",2007,154.8,,,,,,
"Forestry, fishing, mining, quarrying, oil and gas",2008,158.1,,,,,,
"Forestry, fishing, mining, quarrying, oil and gas",2009,140.2,,,,,,
"Forestry, fishing, mining, quarrying, oil and gas",2010,138.9,,,,,,
"Forestry, fishing, mining, quarrying, oil and gas",2011,146.9,,,,,,
"Forestry, fishing, mining, quarrying, oil and gas",2012,173.5,,,,,,
"Forestry, fishing, mining, quarrying, oil and gas",2013,172.5,,,,,,
"Forestry, fishing, mining, quarrying, oil and gas",2014,174.1,,,,,,
"Forestry, fishing, mining, quarrying, oil and gas",2015,155.3,,,,,,
"Forestry, fishing, mining, quarrying, oil and gas",2016,136.3,,,,,,
"Forestry, fishing, mining, quarrying, oil and gas",2017,135.9,,,,,,
"Forestry, fishing, mining, quarrying, oil and gas",2018,147,,,,,,
"Forestry, fishing, mining, quarrying, oil and gas",2019,141.5,,,,,,
"Forestry, fishing, mining, quarrying, oil and gas",2020,130.5,,,,,,
"Forestry, fishing, mining, quarrying, oil and gas",2021,141.5,,,,,,
"Forestry, fishing, mining, quarrying, oil and gas",2022,138.5,,,,,,
"Forestry, fishing, mining, quarrying, oil and gas",2023,137.3,,,,,,
,,,,,,,,
Forestry and logging and support activities for forestry,1976,..,,,,,,
Forestry and logging and support activities for forestry,1977,..,,,,,,
Forestry and logging and support activities for forestry,1978,..,,,,,,
Forestry and logging and support activities for forestry,1979,..,,,,,,
Forestry and logging and support activities for forestry,1980,..,,,,,,
Forestry and logging and support activities for forestry,1981,..,,,,,,
Forestry and logging and support activities for forestry,1982,..,,,,,,
Forestry and logging and support activities for forestry,1983,..,,,,,,
Forestry and logging and support activities for forestry,1984,..,,,,,,
Forestry and logging and support activities for forestry,1985,..,,,,,,
Forestry and logging and support activities for forestry,1986,..,,,,,,
Forestry and logging and support activities for forestry,1987,3.2,,,,,,
Forestry and logging and support activities for forestry,1988,2.8,,,,,,
Forestry and logging and support activities for forestry,1989,3.2,,,,,,
Forestry and logging and support activities for forestry,1990,3.4,,,,,,
Forestry and logging and support activities for forestry,1991,3.9,,,,,,
Forestry and logging and support activities for forestry,1992,3.8,,,,,,
Forestry and logging and support activities for forestry,1993,4.3,,,,,,
Forestry and logging and support activities for forestry,1994,4.5,,,,,,
Forestry and logging and support activities for forestry,1995,5.6,,,,,,
Forestry and logging and support activities for forestry,1996,3.5,,,,,,
Forestry and logging and support activities for forestry,1997,4.2,,,,,,
Forestry and logging and support activities for forestry,1998,4.3,,,,,,
Forestry and logging and support activities for forestry,1999,4.3,,,,,,
Forestry and logging and support activities for forestry,2000,5.4,,,,,,
Forestry and logging and support activities for forestry,2001,3.7,,,,,,
Forestry and logging and support activities for forestry,2002,3.5,,,,,,
Forestry and logging and support activities for forestry,2003,4.6,,,,,,
Forestry and logging and support activities for forestry,2004,4.7,,,,,,
Forestry and logging and support activities for forestry,2005,4.5,,,,,,
Forestry and logging and support activities for forestry,2006,3.8,,,,,,
Forestry and logging and support activities for forestry,2007,4,,,,,,
Forestry and logging and support activities for forestry,2008,3.6,,,,,,
Forestry and logging and support activities for forestry,2009,3.1,,,,,,
Forestry and logging and support activities for forestry,2010,2.9,,,,,,
Forestry and logging and support activities for forestry,2011,3.4,,,,,,
Forestry and logging and support activities for forestry,2012,3.9,,,,,,
Forestry and logging and support activities for forestry,2013,2.5,,,,,,
Forestry and logging and support activities for forestry,2014,2.6,,,,,,
Forestry and logging and support activities for forestry,2015,3.4,,,,,,
Forestry and logging and support activities for forestry,2016,4,,,,,,
Forestry and logging and support activities for forestry,2017,4.1,,,,,,
Forestry and logging and support activities for forestry,2018,5,,,,,,
Forestry and logging and support activities for forestry,2019,3.4,,,,,,
Forestry and logging and support activities for forestry,2020,4.9,,,,,,
Forestry and logging and support activities for forestry,2021,2.2,,,,,,
Forestry and logging and support activities for forestry,2022,5.3,,,,,,
Forestry and logging and support activities for forestry,2023,3.6,,,,,,
,,,,,,,,
"Fishing, hunting and trapping",1976,..,,,,,,
"Fishing, hunting and trapping",1977,..,,,,,,
"Fishing, hunting and trapping",1978,..,,,,,,
"Fishing, hunting and trapping",1979,..,,,,,,
"Fishing, hunting and trapping",1980,..,,,,,,
"Fishing, hunting and trapping",1981,..,,,,,,
"Fishing, hunting and trapping",1982,..,,,,,,
"Fishing, hunting and trapping",1983,..,,,,,,
"Fishing, hunting and trapping",1984,..,,,,,,
"Fishing, hunting and trapping",1985,..,,,,,,
"Fishing, hunting and trapping",1986,..,,,,,,
"Fishing, hunting and trapping",1987,x,,,,,,
"Fishing, hunting and trapping",1988,x,,,,,,
"Fishing, hunting and trapping",1989,x,,,,,,
"Fishing, hunting and trapping",1990,x,,,,,,
"Fishing, hunting and trapping",1991,x,,,,,,
"Fishing, hunting and trapping",1992,x,,,,,,
"Fishing, hunting and trapping",1993,x,,,,,,
"Fishing, hunting and trapping",1994,x,,,,,,
"Fishing, hunting and trapping",1995,x,,,,,,
"Fishing, hunting and trapping",1996,x,,,,,,
"Fishing, hunting and trapping",1997,x,,,,,,
"Fishing, hunting and trapping",1998,x,,,,,,
"Fishing, hunting and trapping",1999,x,,,,,,
"Fishing, hunting and trapping",2000,x,,,,,,
"Fishing, hunting and trapping",2001,x,,,,,,
"Fishing, hunting and trapping",2002,x,,,,,,
"Fishing, hunting and trapping",2003,x,,,,,,
"Fishing, hunting and trapping",2004,x,,,,,,
"Fishing, hunting and trapping",2005,x,,,,,,
"Fishing, hunting and trapping",2006,x,,,,,,
"Fishing, hunting and trapping",2007,x,,,,,,
"Fishing, hunting and trapping",2008,x,,,,,,
"Fishing, hunting and trapping",2009,x,,,,,,
"Fishing, hunting and trapping",2010,x,,,,,,
"Fishing, hunting and trapping",2011,x,,,,,,
"Fishing, hunting and trapping",2012,x,,,,,,
"Fishing, hunting and trapping",2013,x,,,,,,
"Fishing, hunting and trapping",2014,x,,,,,,
"Fishing, hunting and trapping",2015,x,,,,,,
"Fishing, hunting and trapping",2016,x,,,,,,
"Fishing, hunting and trapping",2017,x,,,,,,
"Fishing, hunting and trapping",2018,x,,,,,,
"Fishing, hunting and trapping",2019,x,,,,,,
"Fishing, hunting and trapping",2020,x,,,,,,
"Fishing, hunting and trapping",2021,x,,,,,,
"Fishing, hunting and trapping",2022,x,,,,,,
"Fishing, hunting and trapping",2023,x,,,,,,
,,,,,,,,
"Mining, quarrying, and oil and gas extraction",1976,..,,,,,,
"Mining, quarrying, and oil and gas extraction",1977,..,,,,,,
"Mining, quarrying, and oil and gas extraction",1978,..,,,,,,
"Mining, quarrying, and oil and gas extraction",1979,..,,,,,,
"Mining, quarrying, and oil and gas extraction",1980,..,,,,,,
"Mining, quarrying, and oil and gas extraction",1981,..,,,,,,
"Mining, quarrying, and oil and gas extraction",1982,..,,,,,,
"Mining, quarrying, and oil and gas extraction",1983,..,,,,,,
"Mining, quarrying, and oil and gas extraction",1984,..,,,,,,
"Mining, quarrying, and oil and gas extraction",1985,..,,,,,,
"Mining, quarrying, and oil and gas extraction",1986,..,,,,,,
"Mining, quarrying, and oil and gas extraction",1987,68.9,,,,,,
"Mining, quarrying, and oil and gas extraction",1988,73,,,,,,
"Mining, quarrying, and oil and gas extraction",1989,69.7,,,,,,
"Mining, quarrying, and oil and gas extraction",1990,71.2,,,,,,
"Mining, quarrying, and oil and gas extraction",1991,72.9,,,,,,
"Mining, quarrying, and oil and gas extraction",1992,70.2,,,,,,
"Mining, quarrying, and oil and gas extraction",1993,74.2,,,,,,
"Mining, quarrying, and oil and gas extraction",1994,74.4,,,,,,
"Mining, quarrying, and oil and gas extraction",1995,75,,,,,,
"Mining, quarrying, and oil and gas extraction",1996,80.9,,,,,,
"Mining, quarrying, and oil and gas extraction",1997,85.7,,,,,,
"Mining, quarrying, and oil and gas extraction",1998,83.7,,,,,,
"Mining, quarrying, and oil and gas extraction",1999,73,,,,,,
"Mining, quarrying, and oil and gas extraction",2000,76.5,,,,,,
"Mining, quarrying, and oil and gas extraction",2001,95.1,,,,,,
"Mining, quarrying, and oil and gas extraction",2002,92.2,,,,,,
"Mining, quarrying, and oil and gas extraction",2003,96.6,,,,,,
"Mining, quarrying, and oil and gas extraction",2004,106.4,,,,,,
"Mining, quarrying, and oil and gas extraction",2005,125.5,,,,,,
"Mining, quarrying, and oil and gas extraction",2006,141.4,,,,,,
"Mining, quarrying, and oil and gas extraction",2007,150.8,,,,,,
"Mining, quarrying, and oil and gas extraction",2008,154.4,,,,,,
"Mining, quarrying, and oil and gas extraction",2009,136.9,,,,,,
"Mining, quarrying, and oil and gas extraction",2010,136.1,,,,,,
"Mining, quarrying, and oil and gas extraction",2011,143.5,,,,,,
"Mining, quarrying, and oil and gas extraction",2012,169.4,,,,,,
"Mining, quarrying, and oil and gas extraction",2013,169.9,,,,,,
"Mining, quarrying, and oil and gas extraction",2014,171.3,,,,,,
"Mining, quarrying, and oil and gas extraction",2015,151.9,,,,,,
"Mining, quarrying, and oil and gas extraction",2016,132.2,,,,,,
"Mining, quarrying, and oil and gas extraction",2017,131.8,,,,,,
"Mining, quarrying, and oil and gas extraction",2018,142,,,,,,
"Mining, quarrying, and oil and gas extraction",2019,138.1,,,,,,
"Mining, quarrying, and oil and gas extraction",2020,125.6,,,,,,
"Mining, quarrying, and oil and gas extraction",2021,139.3,,,,,,
"Mining, quarrying, and oil and gas extraction",2022,133.2,,,,,,
"Mining, quarrying, and oil and gas extraction",2023,133.7,,,,,,
,,,,,,,,
Utilities,1976,7.3,,,,,,
Utilities,1977,7.3,,,,,,
Utilities,1978,8.6,,,,,,
Utilities,1979,9.6,,,,,,
Utilities,1980,10.2,,,,,,
Utilities,1981,11.3,,,,,,
Utilities,1982,10.5,,,,,,
Utilities,1983,8.3,,,,,,
Utilities,1984,10.2,,,,,,
Utilities,1985,10.3,,,,,,
Utilities,1986,11.5,,,,,,
Utilities,1987,13.2,,,,,,
Utilities,1988,13.5,,,,,,
Utilities,1989,12,,,,,,
Utilities,1990,13.5,,,,,,
Utilities,1991,13.9,,,,,,
Utilities,1992,14.4,,,,,,
Utilities,1993,14.9,,,,,,
Utilities,1994,13,,,,,,
Utilities,1995,12.6,,,,,,
Utilities,1996,12.4,,,,,,
Utilities,1997,10.2,,,,,,
Utilities,1998,9.1,,,,,,
Utilities,1999,9.9,,,,,,
Utilities,2000,12.7,,,,,,
Utilities,2001,13.3,,,,,,
Utilities,2002,17.1,,,,,,
Utilities,2003,14,,,,,,
Utilities,2004,13.8,,,,,,
Utilities,2005,13.8,,,,,,
Utilities,2006,15.9,,,,,,
Utilities,2007,18,,,,,,
Utilities,2008,18.5,,,,,,
Utilities,2009,19.8,,,,,,
Utilities,2010,17.1,,,,,,
Utilities,2011,14,,,,,,
Utilities,2012,15.2,,,,,,
Utilities,2013,15.2,,,,,,
Utilities,2014,17.3,,,,,,
Utilities,2015,18.9,,,,,,
Utilities,2016,17.4,,,,,,
Utilities,2017,17.9,,,,,,
Utilities,2018,21.2,,,,,,
Utilities,2019,21.9,,,,,,
Utilities,2020,20.2,,,,,,
Utilities,2021,18.6,,,,,,
Utilities,2022,20.1,,,,,,
Utilities,2023,20.1,,,,,,
,,,,,,,,
Construction,1976,78.8,,,,,,
Construction,1977,85.6,,,,,,
Construction,1978,103.4,,,,,,
Construction,1979,118.2,,,,,,
Construction,1980,117.7,,,,,,
Construction,1981,126.5,,,,,,
Construction,1982,118.5,,,,,,
Construction,1983,104.2,,,,,,
Construction,1984,75.3,,,,,,
Construction,1985,74.3,,,,,,
Construction,1986,71.4,,,,,,
Construction,1987,68.8,,,,,,
Construction,1988,77.4,,,,,,
Construction,1989,81.1,,,,,,
Construction,1990,83.9,,,,,,
Construction,1991,81.7,,,,,,
Construction,1992,81.7,,,,,,
Construction,1993,81.2,,,,,,
Construction,1994,86.7,,,,,,
Construction,1995,93.4,,,,,,
Construction,1996,98,,,,,,
Construction,1997,97.3,,,,,,
Construction,1998,104.5,,,,,,
Construction,1999,115.7,,,,,,
Construction,2000,125.7,,,,,,
Construction,2001,130.5,,,,,,
Construction,2002,139.8,,,,,,
Construction,2003,144.7,,,,,,
Construction,2004,161.1,,,,,,
Construction,2005,163.2,,,,,,
Construction,2006,183,,,,,,
Construction,2007,206.7,,,,,,
Construction,2008,220.1,,,,,,
Construction,2009,199.8,,,,,,
Construction,2010,200.6,,,,,,
Construction,2011,221.2,,,,,,
Construction,2012,234.9,,,,,,
Construction,2013,232.6,,,,,,
Construction,2014,248.7,,,,,,
Construction,2015,252.7,,,,,,
Construction,2016,240.8,,,,,,
Construction,2017,231.5,,,,,,
Construction,2018,234.3,,,,,,
Construction,2019,233,,,,,,
Construction,2020,218.1,,,,,,
Construction,2021,226.7,,,,,,
Construction,2022,237.4,,,,,,
Construction,2023,241.5,,,,,,
,,,,,,,,
Manufacturing,1976,71.6,,,,,,
Manufacturing,1977,74.5,,,,,,
Manufacturing,1978,80.5,,,,,,
Manufacturing,1979,87.6,,,,,,
Manufacturing,1980,99.3,,,,,,
Manufacturing,1981,108,,,,,,
Manufacturing,1982,93.5,,,,,,
Manufacturing,1983,84,,,,,,
Manufacturing,1984,83.2,,,,,,
Manufacturing,1985,88,,,,,,
Manufacturing,1986,87.3,,,,,,
Manufacturing,1987,92.1,,,,,,
Manufacturing,1988,98.4,,,,,,
Manufacturing,1989,97.9,,,,,,
Manufacturing,1990,96.3,,,,,,
Manufacturing,1991,90.9,,,,,,
Manufacturing,1992,90.9,,,,,,
Manufacturing,1993,93.1,,,,,,
Manufacturing,1994,99.9,,,,,,
Manufacturing,1995,106.4,,,,,,
Manufacturing,1996,106.8,,,,,,
Manufacturing,1997,118.2,,,,,,
Manufacturing,1998,125.4,,,,,,
Manufacturing,1999,134.7,,,,,,
Manufacturing,2000,137.6,,,,,,
Manufacturing,2001,139.2,,,,,,
Manufacturing,2002,147.6,,,,,,
Manufacturing,2003,147.1,,,,,,
Manufacturing,2004,146.6,,,,,,
Manufacturing,2005,134.4,,,,,,
Manufacturing,2006,137.4,,,,,,
Manufacturing,2007,141.3,,,,,,
Manufacturing,2008,138.3,,,,,,
Manufacturing,2009,127.8,,,,,,
Manufacturing,2010,126.7,,,,,,
Manufacturing,2011,135.2,,,,,,
Manufacturing,2012,139.3,,,,,,
Manufacturing,2013,142.8,,,,,,
Manufacturing,2014,145.4,,,,,,
Manufacturing,2015,141.7,,,,,,
Manufacturing,2016,116.7,,,,,,
Manufacturing,2017,119.5,,,,,,
Manufacturing,2018,132.9,,,,,,
Manufacturing,2019,133.9,,,,,,
Manufacturing,2020,125.9,,,,,,
Manufacturing,2021,124.6,,,,,,
Manufacturing,2022,130.5,,,,,,
Manufacturing,2023,144.7,,,,,,
,,,,,,,,
Durables,1976,..,,,,,,
Durables,1977,..,,,,,,
Durables,1978,..,,,,,,
Durables,1979,..,,,,,,
Durables,1980,..,,,,,,
Durables,1981,..,,,,,,
Durables,1982,..,,,,,,
Durables,1983,..,,,,,,
Durables,1984,..,,,,,,
Durables,1985,..,,,,,,
Durables,1986,..,,,,,,
Durables,1987,43.5,,,,,,
Durables,1988,47.6,,,,,,
Durables,1989,44.8,,,,,,
Durables,1990,46,,,,,,
Durables,1991,44.5,,,,,,
Durables,1992,45.9,,,,,,
Durables,1993,44.5,,,,,,
Durables,1994,50.9,,,,,,
Durables,1995,58.3,,,,,,
Durables,1996,56.7,,,,,,
Durables,1997,65,,,,,,
Durables,1998,70,,,,,,
Durables,1999,79,,,,,,
Durables,2000,84.5,,,,,,
Durables,2001,83.5,,,,,,
Durables,2002,82.3,,,,,,
Durables,2003,88.8,,,,,,
Durables,2004,82,,,,,,
Durables,2005,79.4,,,,,,
Durables,2006,80.7,,,,,,
Durables,2007,85.6,,,,,,
Durables,2008,84.6,,,,,,
Durables,2009,75.6,,,,,,
Durables,2010,74.1,,,,,,
Durables,2011,83,,,,,,
Durables,2012,88.8,,,,,,
Durables,2013,82.8,,,,,,
Durables,2014,88.9,,,,,,
Durables,2015,87.2,,,,,,
Durables,2016,69.5,,,,,,
Durables,2017,68.9,,,,,,
Durables,2018,78.4,,,,,,
Durables,2019,77.6,,,,,,
Durables,2020,69.3,,,,,,
Durables,2021,70.8,,,,,,
Durables,2022,71,,,,,,
Durables,2023,78.2,,,,,,
,,,,,,,,
Non-durables,1976,..,,,,,,
Non-durables,1977,..,,,,,,
Non-durables,1978,..,,,,,,
Non-durables,1979,..,,,,,,
Non-durables,1980,..,,,,,,
Non-durables,1981,..,,,,,,
Non-durables,1982,..,,,,,,
Non-durables,1983,..,,,,,,
Non-durables,1984,..,,,,,,
Non-durables,1985,..,,,,,,
Non-durables,1986,..,,,,,,
Non-durables,1987,48.7,,,,,,
Non-durables,1988,50.8,,,,,,
Non-durables,1989,53.1,,,,,,
Non-durables,1990,50.3,,,,,,
Non-durables,1991,46.4,,,,,,
Non-durables,1992,45.1,,,,,,
Non-durables,1993,48.6,,,,,,
Non-durables,1994,49.1,,,,,,
Non-durables,1995,48.1,,,,,,
Non-durables,1996,50.1,,,,,,
Non-durables,1997,53.2,,,,,,
Non-durables,1998,55.4,,,,,,
Non-durables,1999,55.7,,,,,,
Non-durables,2000,53,,,,,,
Non-durables,2001,55.7,,,,,,
Non-durables,2002,65.3,,,,,,
Non-durables,2003,58.4,,,,,,
Non-durables,2004,64.5,,,,,,
Non-durables,2005,55.1,,,,,,
Non-durables,2006,56.7,,,,,,
Non-durables,2007,55.7,,,,,,
Non-durables,2008,53.8,,,,,,
Non-durables,2009,52.2,,,,,,
Non-durables,2010,52.6,,,,,,
Non-durables,2011,52.2,,,,,,
Non-durables,2012,50.6,,,,,,
Non-durables,2013,59.9,,,,,,
Non-durables,2014,56.5,,,,,,
Non-durables,2015,54.5,,,,,,
Non-durables,2016,47.2,,,,,,
Non-durables,2017,50.6,,,,,,
Non-durables,2018,54.5,,,,,,
Non-durables,2019,56.3,,,,,,
Non-durables,2020,56.6,,,,,,
Non-durables,2021,53.8,,,,,,
Non-durables,2022,59.5,,,,,,
Non-durables,2023,66.5,,,,,,
,,,,,,,,
Services-producing,1976,548.5,,,,,,
Services-producing,1977,595.8,,,,,,
Services-producing,1978,627.8,,,,,,
Services-producing,1979,676,,,,,,
Services-producing,1980,724.6,,,,,,
Services-producing,1981,772.5,,,,,,
Services-producing,1982,783,,,,,,
Services-producing,1983,785.5,,,,,,
Services-producing,1984,813.6,,,,,,
Services-producing,1985,831.9,,,,,,
Services-producing,1986,853.5,,,,,,
Services-producing,1987,854.8,,,,,,
Services-producing,1988,868.1,,,,,,
Services-producing,1989,897.1,,,,,,
Services-producing,1990,915.1,,,,,,
Services-producing,1991,925.4,,,,,,
Services-producing,1992,923.6,,,,,,
Services-producing,1993,928.6,,,,,,
Services-producing,1994,956.6,,,,,,
Services-producing,1995,981,,,,,,
Services-producing,1996,"1,011.30",,,,,,
Services-producing,1997,"1,048.50",,,,,,
Services-producing,1998,"1,092.00",,,,,,
Services-producing,1999,"1,123.90",,,,,,
Services-producing,2000,"1,154.60",,,,,,
Services-producing,2001,"1,186.00",,,,,,
Services-producing,2002,"1,213.10",,,,,,
Services-producing,2003,"1,256.60",,,,,,
Services-producing,2004,"1,276.90",,,,,,
Services-producing,2005,"1,323.10",,,,,,
Services-producing,2006,"1,383.50",,,,,,
Services-producing,2007,"1,422.60",,,,,,
Services-producing,2008,"1,454.90",,,,,,
Services-producing,2009,"1,483.70",,,,,,
Services-producing,2010,"1,493.50",,,,,,
Services-producing,2011,"1,529.90",,,,,,
Services-producing,2012,"1,549.20",,,,,,
Services-producing,2013,"1,582.20",,,,,,
Services-producing,2014,"1,598.90",,,,,,
Services-producing,2015,"1,635.60",,,,,,
Services-producing,2016,"1,643.10",,,,,,
Services-producing,2017,"1,664.20",,,,,,
Services-producing,2018,"1,691.70",,,,,,
Services-producing,2019,"1,721.70",,,,,,
Services-producing,2020,"1,599.70",,,,,,
Services-producing,2021,"1,706.90",,,,,,
Services-producing,2022,"1,806.30",,,,,,
Services-producing,2023,"1,872.70",,,,,,
,,,,,,,,
Wholesale and retail trade,1976,138.5,,,,,,
Wholesale and retail trade,1977,151.5,,,,,,
Wholesale and retail trade,1978,155,,,,,,
Wholesale and retail trade,1979,168.1,,,,,,
Wholesale and retail trade,1980,173.6,,,,,,
Wholesale and retail trade,1981,184.5,,,,,,
Wholesale and retail trade,1982,182.7,,,,,,
Wholesale and retail trade,1983,179.6,,,,,,
Wholesale and retail trade,1984,188.3,,,,,,
Wholesale and retail trade,1985,193.1,,,,,,
Wholesale and retail trade,1986,199.6,,,,,,
Wholesale and retail trade,1987,192.2,,,,,,
Wholesale and retail trade,1988,197.8,,,,,,
Wholesale and retail trade,1989,203.3,,,,,,
Wholesale and retail trade,1990,205.8,,,,,,
Wholesale and retail trade,1991,208.8,,,,,,
Wholesale and retail trade,1992,201.3,,,,,,
Wholesale and retail trade,1993,197.2,,,,,,
Wholesale and retail trade,1994,208.9,,,,,,
Wholesale and retail trade,1995,213.4,,,,,,
Wholesale and retail trade,1996,215.7,,,,,,
Wholesale and retail trade,1997,213.7,,,,,,
Wholesale and retail trade,1998,223.4,,,,,,
Wholesale and retail trade,1999,239.2,,,,,,
Wholesale and retail trade,2000,250.7,,,,,,
Wholesale and retail trade,2001,255.9,,,,,,
Wholesale and retail trade,2002,251.1,,,,,,
Wholesale and retail trade,2003,264.3,,,,,,
Wholesale and retail trade,2004,271.2,,,,,,
Wholesale and retail trade,2005,284.8,,,,,,
Wholesale and retail trade,2006,290.6,,,,,,
Wholesale and retail trade,2007,298.1,,,,,,
Wholesale and retail trade,2008,313.3,,,,,,
Wholesale and retail trade,2009,311.6,,,,,,
Wholesale and retail trade,2010,311.4,,,,,,
Wholesale and retail trade,2011,316.5,,,,,,
Wholesale and retail trade,2012,318.6,,,,,,
Wholesale and retail trade,2013,322.2,,,,,,
Wholesale and retail trade,2014,321.9,,,,,,
Wholesale and retail trade,2015,315.9,,,,,,
Wholesale and retail trade,2016,322,,,,,,
Wholesale and retail trade,2017,336.3,,,,,,
Wholesale and retail trade,2018,336.1,,,,,,
Wholesale and retail trade,2019,350.1,,,,,,
Wholesale and retail trade,2020,315.6,,,,,,
Wholesale and retail trade,2021,343.4,,,,,,
Wholesale and retail trade,2022,366,,,,,,
Wholesale and retail trade,2023,365.5,,,,,,
,,,,,,,,
Wholesale trade,1976,..,,,,,,
Wholesale trade,1977,..,,,,,,
Wholesale trade,1978,..,,,,,,
Wholesale trade,1979,..,,,,,,
Wholesale trade,1980,..,,,,,,
Wholesale trade,1981,..,,,,,,
Wholesale trade,1982,..,,,,,,
Wholesale trade,1983,..,,,,,,
Wholesale trade,1984,..,,,,,,
Wholesale trade,1985,..,,,,,,
Wholesale trade,1986,..,,,,,,
Wholesale trade,1987,44.1,,,,,,
Wholesale trade,1988,44,,,,,,
Wholesale trade,1989,49.4,,,,,,
Wholesale trade,1990,45.9,,,,,,
Wholesale trade,1991,48.8,,,,,,
Wholesale trade,1992,41.1,,,,,,
Wholesale trade,1993,41.3,,,,,,
Wholesale trade,1994,43.2,,,,,,
Wholesale trade,1995,47.3,,,,,,
Wholesale trade,1996,48.8,,,,,,
Wholesale trade,1997,50.8,,,,,,
Wholesale trade,1998,50.3,,,,,,
Wholesale trade,1999,62.3,,,,,,
Wholesale trade,2000,64.9,,,,,,
Wholesale trade,2001,69.1,,,,,,
Wholesale trade,2002,60.8,,,,,,
Wholesale trade,2003,68.6,,,,,,
Wholesale trade,2004,63.8,,,,,,
Wholesale trade,2005,68,,,,,,
Wholesale trade,2006,73,,,,,,
Wholesale trade,2007,80.6,,,,,,
Wholesale trade,2008,85.6,,,,,,
Wholesale trade,2009,78.3,,,,,,
Wholesale trade,2010,75.2,,,,,,
Wholesale trade,2011,89.6,,,,,,
Wholesale trade,2012,80.7,,,,,,
Wholesale trade,2013,82,,,,,,
Wholesale trade,2014,87.2,,,,,,
Wholesale trade,2015,87.4,,,,,,
Wholesale trade,2016,81.3,,,,,,
Wholesale trade,2017,92.7,,,,,,
Wholesale trade,2018,86.6,,,,,,
Wholesale trade,2019,89.5,,,,,,
Wholesale trade,2020,85.6,,,,,,
Wholesale trade,2021,74.7,,,,,,
Wholesale trade,2022,86.6,,,,,,
Wholesale trade,2023,95.7,,,,,,
,,,,,,,,
Retail trade,1976,..,,,,,,
Retail trade,1977,..,,,,,,
Retail trade,1978,..,,,,,,
Retail trade,1979,..,,,,,,
Retail trade,1980,..,,,,,,
Retail trade,1981,..,,,,,,
Retail trade,1982,..,,,,,,
Retail trade,1983,..,,,,,,
Retail trade,1984,..,,,,,,
Retail trade,1985,..,,,,,,
Retail trade,1986,..,,,,,,
Retail trade,1987,148.1,,,,,,
Retail trade,1988,153.8,,,,,,
Retail trade,1989,153.9,,,,,,
Retail trade,1990,159.9,,,,,,
Retail trade,1991,160,,,,,,
Retail trade,1992,160.2,,,,,,
Retail trade,1993,155.9,,,,,,
Retail trade,1994,165.7,,,,,,
Retail trade,1995,166.1,,,,,,
Retail trade,1996,166.9,,,,,,
Retail trade,1997,162.9,,,,,,
Retail trade,1998,173.1,,,,,,
Retail trade,1999,176.9,,,,,,
Retail trade,2000,185.8,,,,,,
Retail trade,2001,186.8,,,,,,
Retail trade,2002,190.3,,,,,,
Retail trade,2003,195.8,,,,,,
Retail trade,2004,207.5,,,,,,
Retail trade,2005,216.8,,,,,,
Retail trade,2006,217.6,,,,,,
Retail trade,2007,217.5,,,,,,
Retail trade,2008,227.7,,,,,,
Retail trade,2009,233.3,,,,,,
Retail trade,2010,236.2,,,,,,
Retail trade,2011,226.9,,,,,,
Retail trade,2012,237.9,,,,,,
Retail trade,2013,240.2,,,,,,
Retail trade,2014,234.7,,,,,,
Retail trade,2015,228.5,,,,,,
Retail trade,2016,240.7,,,,,,
Retail trade,2017,243.6,,,,,,
Retail trade,2018,249.6,,,,,,
Retail trade,2019,260.6,,,,,,
Retail trade,2020,230,,,,,,
Retail trade,2021,268.7,,,,,,
Retail trade,2022,279.4,,,,,,
Retail trade,2023,269.8,,,,,,
,,,,,,,,
Transportation and warehousing,1976,49.2,,,,,,
Transportation and warehousing,1977,50.2,,,,,,
Transportation and warehousing,1978,54.6,,,,,,
Transportation and warehousing,1979,65.7,,,,,,
Transportation and warehousing,1980,69.3,,,,,,
Transportation and warehousing,1981,71.1,,,,,,
Transportation and warehousing,1982,64,,,,,,
Transportation and warehousing,1983,63.8,,,,,,
Transportation and warehousing,1984,69.1,,,,,,
Transportation and warehousing,1985,68,,,,,,
Transportation and warehousing,1986,66.2,,,,,,
Transportation and warehousing,1987,66,,,,,,
Transportation and warehousing,1988,64.9,,,,,,
Transportation and warehousing,1989,67.8,,,,,,
Transportation and warehousing,1990,67.1,,,,,,
Transportation and warehousing,1991,61.1,,,,,,
Transportation and warehousing,1992,60,,,,,,
Transportation and warehousing,1993,61.8,,,,,,
Transportation and warehousing,1994,68.4,,,,,,
Transportation and warehousing,1995,71.3,,,,,,
Transportation and warehousing,1996,79.2,,,,,,
Transportation and warehousing,1997,83.7,,,,,,
Transportation and warehousing,1998,85.5,,,,,,
Transportation and warehousing,1999,90.6,,,,,,
Transportation and warehousing,2000,97.5,,,,,,
Transportation and warehousing,2001,98.8,,,,,,
Transportation and warehousing,2002,99.5,,,,,,
Transportation and warehousing,2003,100.5,,,,,,
Transportation and warehousing,2004,100,,,,,,
Transportation and warehousing,2005,108.6,,,,,,
Transportation and warehousing,2006,107.9,,,,,,
Transportation and warehousing,2007,112.6,,,,,,
Transportation and warehousing,2008,111.1,,,,,,
Transportation and warehousing,2009,108.1,,,,,,
Transportation and warehousing,2010,107.6,,,,,,
Transportation and warehousing,2011,111.4,,,,,,
Transportation and warehousing,2012,118.2,,,,,,
Transportation and warehousing,2013,120.8,,,,,,
Transportation and warehousing,2014,123.9,,,,,,
Transportation and warehousing,2015,131.9,,,,,,
Transportation and warehousing,2016,129.6,,,,,,
Transportation and warehousing,2017,136,,,,,,
Transportation and warehousing,2018,136.7,,,,,,
Transportation and warehousing,2019,138.4,,,,,,
Transportation and warehousing,2020,124.8,,,,,,
Transportation and warehousing,2021,132.2,,,,,,
Transportation and warehousing,2022,130.7,,,,,,
Transportation and warehousing,2023,145.8,,,,,,
,,,,,,,,
"Finance, insurance, real estate, rental and leasing",1976,45.3,,,,,,
"Finance, insurance, real estate, rental and leasing",1977,52.9,,,,,,
"Finance, insurance, real estate, rental and leasing",1978,53.6,,,,,,
"Finance, insurance, real estate, rental and leasing",1979,58.3,,,,,,
"Finance, insurance, real estate, rental and leasing",1980,63.6,,,,,,
"Finance, insurance, real estate, rental and leasing",1981,65,,,,,,
"Finance, insurance, real estate, rental and leasing",1982,71.1,,,,,,
"Finance, insurance, real estate, rental and leasing",1983,70.5,,,,,,
"Finance, insurance, real estate, rental and leasing",1984,68.2,,,,,,
"Finance, insurance, real estate, rental and leasing",1985,66,,,,,,
"Finance, insurance, real estate, rental and leasing",1986,63.9,,,,,,
"Finance, insurance, real estate, rental and leasing",1987,64.1,,,,,,
"Finance, insurance, real estate, rental and leasing",1988,65.5,,,,,,
"Finance, insurance, real estate, rental and leasing",1989,69.6,,,,,,
"Finance, insurance, real estate, rental and leasing",1990,74.3,,,,,,
"Finance, insurance, real estate, rental and leasing",1991,76.7,,,,,,
"Finance, insurance, real estate, rental and leasing",1992,76,,,,,,
"Finance, insurance, real estate, rental and leasing",1993,74.1,,,,,,
"Finance, insurance, real estate, rental and leasing",1994,73.7,,,,,,
"Finance, insurance, real estate, rental and leasing",1995,75.5,,,,,,
"Finance, insurance, real estate, rental and leasing",1996,73.4,,,,,,
"Finance, insurance, real estate, rental and leasing",1997,76.6,,,,,,
"Finance, insurance, real estate, rental and leasing",1998,76.1,,,,,,
"Finance, insurance, real estate, rental and leasing",1999,81.5,,,,,,
"Finance, insurance, real estate, rental and leasing",2000,80.2,,,,,,
"Finance, insurance, real estate, rental and leasing",2001,82.8,,,,,,
"Finance, insurance, real estate, rental and leasing",2002,83.4,,,,,,
"Finance, insurance, real estate, rental and leasing",2003,86.5,,,,,,
"Finance, insurance, real estate, rental and leasing",2004,92.5,,,,,,
"Finance, insurance, real estate, rental and leasing",2005,97,,,,,,
"Finance, insurance, real estate, rental and leasing",2006,100.7,,,,,,
"Finance, insurance, real estate, rental and leasing",2007,104.4,,,,,,
"Finance, insurance, real estate, rental and leasing",2008,111.1,,,,,,
"Finance, insurance, real estate, rental and leasing",2009,111.6,,,,,,
"Finance, insurance, real estate, rental and leasing",2010,108.6,,,,,,
"Finance, insurance, real estate, rental and leasing",2011,97.4,,,,,,
"Finance, insurance, real estate, rental and leasing",2012,99.9,,,,,,
"Finance, insurance, real estate, rental and leasing",2013,103.3,,,,,,
"Finance, insurance, real estate, rental and leasing",2014,102,,,,,,
"Finance, insurance, real estate, rental and leasing",2015,108.1,,,,,,
"Finance, insurance, real estate, rental and leasing",2016,109.1,,,,,,
"Finance, insurance, real estate, rental and leasing",2017,108.4,,,,,,
"Finance, insurance, real estate, rental and leasing",2018,113.1,,,,,,
"Finance, insurance, real estate, rental and leasing",2019,112,,,,,,
"Finance, insurance, real estate, rental and leasing",2020,110.4,,,,,,
"Finance, insurance, real estate, rental and leasing",2021,123.6,,,,,,
"Finance, insurance, real estate, rental and leasing",2022,125,,,,,,
"Finance, insurance, real estate, rental and leasing",2023,129.7,,,,,,
,,,,,,,,
Finance and insurance,1976,..,,,,,,
Finance and insurance,1977,..,,,,,,
Finance and insurance,1978,..,,,,,,
Finance and insurance,1979,..,,,,,,
Finance and insurance,1980,..,,,,,,
Finance and insurance,1981,..,,,,,,
Finance and insurance,1982,..,,,,,,
Finance and insurance,1983,..,,,,,,
Finance and insurance,1984,..,,,,,,
Finance and insurance,1985,..,,,,,,
Finance and insurance,1986,..,,,,,,
Finance and insurance,1987,43.1,,,,,,
Finance and insurance,1988,42.2,,,,,,
Finance and insurance,1989,45.2,,,,,,
Finance and insurance,1990,49.5,,,,,,
Finance and insurance,1991,49.3,,,,,,
Finance and insurance,1992,50.6,,,,,,
Finance and insurance,1993,47,,,,,,
Finance and insurance,1994,47.1,,,,,,
Finance and insurance,1995,48.4,,,,,,
Finance and insurance,1996,49.1,,,,,,
Finance and insurance,1997,52.4,,,,,,
Finance and insurance,1998,49.9,,,,,,
Finance and insurance,1999,53.4,,,,,,
Finance and insurance,2000,48.5,,,,,,
Finance and insurance,2001,53.9,,,,,,
Finance and insurance,2002,53,,,,,,
Finance and insurance,2003,55.9,,,,,,
Finance and insurance,2004,58.7,,,,,,
Finance and insurance,2005,62.6,,,,,,
Finance and insurance,2006,63.1,,,,,,
Finance and insurance,2007,66.2,,,,,,
Finance and insurance,2008,73.1,,,,,,
Finance and insurance,2009,70.8,,,,,,
Finance and insurance,2010,69.3,,,,,,
Finance and insurance,2011,60.1,,,,,,
Finance and insurance,2012,68.6,,,,,,
Finance and insurance,2013,66.5,,,,,,
Finance and insurance,2014,67.5,,,,,,
Finance and insurance,2015,69,,,,,,
Finance and insurance,2016,70.6,,,,,,
Finance and insurance,2017,66,,,,,,
Finance and insurance,2018,67.5,,,,,,
Finance and insurance,2019,66.7,,,,,,
Finance and insurance,2020,72.3,,,,,,
Finance and insurance,2021,76.6,,,,,,
Finance and insurance,2022,80.3,,,,,,
Finance and insurance,2023,79.2,,,,,,
,,,,,,,,
Real estate and rental and leasing,1976,..,,,,,,
Real estate and rental and leasing,1977,..,,,,,,
Real estate and rental and leasing,1978,..,,,,,,
Real estate and rental and leasing,1979,..,,,,,,
Real estate and rental and leasing,1980,..,,,,,,
Real estate and rental and leasing,1981,..,,,,,,
Real estate and rental and leasing,1982,..,,,,,,
Real estate and rental and leasing,1983,..,,,,,,
Real estate and rental and leasing,1984,..,,,,,,
Real estate and rental and leasing,1985,..,,,,,,
Real estate and rental and leasing,1986,..,,,,,,
Real estate and rental and leasing,1987,21.1,,,,,,
Real estate and rental and leasing,1988,23.3,,,,,,
Real estate and rental and leasing,1989,24.4,,,,,,
Real estate and rental and leasing,1990,24.8,,,,,,
Real estate and rental and leasing,1991,27.4,,,,,,
Real estate and rental and leasing,1992,25.4,,,,,,
Real estate and rental and leasing,1993,27,,,,,,
Real estate and rental and leasing,1994,26.6,,,,,,
Real estate and rental and leasing,1995,27.1,,,,,,
Real estate and rental and leasing,1996,24.3,,,,,,
Real estate and rental and leasing,1997,24.3,,,,,,
Real estate and rental and leasing,1998,26.1,,,,,,
Real estate and rental and leasing,1999,28.1,,,,,,
Real estate and rental and leasing,2000,31.7,,,,,,
Real estate and rental and leasing,2001,28.9,,,,,,
Real estate and rental and leasing,2002,30.4,,,,,,
Real estate and rental and leasing,2003,30.6,,,,,,
Real estate and rental and leasing,2004,33.7,,,,,,
Real estate and rental and leasing,2005,34.4,,,,,,
Real estate and rental and leasing,2006,37.6,,,,,,
Real estate and rental and leasing,2007,38.2,,,,,,
Real estate and rental and leasing,2008,38,,,,,,
Real estate and rental and leasing,2009,40.7,,,,,,
Real estate and rental and leasing,2010,39.3,,,,,,
Real estate and rental and leasing,2011,37.2,,,,,,
Real estate and rental and leasing,2012,31.3,,,,,,
Real estate and rental and leasing,2013,36.8,,,,,,
Real estate and rental and leasing,2014,34.6,,,,,,
Real estate and rental and leasing,2015,39.1,,,,,,
Real estate and rental and leasing,2016,38.4,,,,,,
Real estate and rental and leasing,2017,42.4,,,,,,
Real estate and rental and leasing,2018,45.6,,,,,,
Real estate and rental and leasing,2019,45.3,,,,,,
Real estate and rental and leasing,2020,38.1,,,,,,
Real estate and rental and leasing,2021,47,,,,,,
Real estate and rental and leasing,2022,44.7,,,,,,
Real estate and rental and leasing,2023,50.5,,,,,,
,,,,,,,,
"Professional, scientific and technical services",1976,24.6,,,,,,
"Professional, scientific and technical services",1977,28.8,,,,,,
"Professional, scientific and technical services",1978,35.3,,,,,,
"Professional, scientific and technical services",1979,36.9,,,,,,
"Professional, scientific and technical services",1980,43.7,,,,,,
"Professional, scientific and technical services",1981,53.5,,,,,,
"Professional, scientific and technical services",1982,52.1,,,,,,
"Professional, scientific and technical services",1983,43.8,,,,,,
"Professional, scientific and technical services",1984,50.1,,,,,,
"Professional, scientific and technical services",1985,50.7,,,,,,
"Professional, scientific and technical services",1986,50.9,,,,,,
"Professional, scientific and technical services",1987,55.5,,,,,,
"Professional, scientific and technical services",1988,57.1,,,,,,
"Professional, scientific and technical services",1989,58.7,,,,,,
"Professional, scientific and technical services",1990,58.4,,,,,,
"Professional, scientific and technical services",1991,60.2,,,,,,
"Professional, scientific and technical services",1992,61.5,,,,,,
"Professional, scientific and technical services",1993,66.2,,,,,,
"Professional, scientific and technical services",1994,69.9,,,,,,
"Professional, scientific and technical services",1995,68.9,,,,,,
"Professional, scientific and technical services",1996,76.3,,,,,,
"Professional, scientific and technical services",1997,85.4,,,,,,
"Professional, scientific and technical services",1998,93,,,,,,
"Professional, scientific and technical services",1999,102.1,,,,,,
"Professional, scientific and technical services",2000,110.1,,,,,,
"Professional, scientific and technical services",2001,124.7,,,,,,
"Professional, scientific and technical services",2002,124.3,,,,,,
"Professional, scientific and technical services",2003,119.8,,,,,,
"Professional, scientific and technical services",2004,122.4,,,,,,
"Professional, scientific and technical services",2005,135.7,,,,,,
"Professional, scientific and technical services",2006,152,,,,,,
"Professional, scientific and technical services",2007,149.5,,,,,,
"Professional, scientific and technical services",2008,159.7,,,,,,
"Professional, scientific and technical services",2009,148.2,,,,,,
"Professional, scientific and technical services",2010,148.9,,,,,,
"Professional, scientific and technical services",2011,160.1,,,,,,
"Professional, scientific and technical services",2012,163.2,,,,,,
"Professional, scientific and technical services",2013,174.3,,,,,,
"Professional, scientific and technical services",2014,181.3,,,,,,
"Professional, scientific and technical services",2015,171.3,,,,,,
"Professional, scientific and technical services",2016,173.4,,,,,,
"Professional, scientific and technical services",2017,170.3,,,,,,
"Professional, scientific and technical services",2018,171.6,,,,,,
"Professional, scientific and technical services",2019,178.1,,,,,,
"Professional, scientific and technical services",2020,174.2,,,,,,
"Professional, scientific and technical services",2021,190.2,,,,,,
"Professional, scientific and technical services",2022,218.9,,,,,,
"Professional, scientific and technical services",2023,241.6,,,,,,
,,,,,,,,
"Business, building and other support services ",1976,13.6,,,,,,
"Business, building and other support services ",1977,15.3,,,,,,
"Business, building and other support services ",1978,18.4,,,,,,
"Business, building and other support services ",1979,20.9,,,,,,
"Business, building and other support services ",1980,23.9,,,,,,
"Business, building and other support services ",1981,25.4,,,,,,
"Business, building and other support services ",1982,23,,,,,,
"Business, building and other support services ",1983,25.6,,,,,,
"Business, building and other support services ",1984,26,,,,,,
"Business, building and other support services ",1985,28,,,,,,
"Business, building and other support services ",1986,29.5,,,,,,
"Business, building and other support services ",1987,28.2,,,,,,
"Business, building and other support services ",1988,28.6,,,,,,
"Business, building and other support services ",1989,32.1,,,,,,
"Business, building and other support services ",1990,33.9,,,,,,
"Business, building and other support services ",1991,33.6,,,,,,
"Business, building and other support services ",1992,35.4,,,,,,
"Business, building and other support services ",1993,36,,,,,,
"Business, building and other support services ",1994,36.4,,,,,,
"Business, building and other support services ",1995,43,,,,,,
"Business, building and other support services ",1996,46.2,,,,,,
"Business, building and other support services ",1997,47.1,,,,,,
"Business, building and other support services ",1998,49.9,,,,,,
"Business, building and other support services ",1999,56.6,,,,,,
"Business, building and other support services ",2000,52.8,,,,,,
"Business, building and other support services ",2001,47.3,,,,,,
"Business, building and other support services ",2002,54.7,,,,,,
"Business, building and other support services ",2003,62.8,,,,,,
"Business, building and other support services ",2004,64.8,,,,,,
"Business, building and other support services ",2005,63.6,,,,,,
"Business, building and other support services ",2006,66.7,,,,,,
"Business, building and other support services ",2007,76.8,,,,,,
"Business, building and other support services ",2008,70,,,,,,
"Business, building and other support services ",2009,68.9,,,,,,
"Business, building and other support services ",2010,73.2,,,,,,
"Business, building and other support services ",2011,77,,,,,,
"Business, building and other support services ",2012,71.2,,,,,,
"Business, building and other support services ",2013,76.9,,,,,,
"Business, building and other support services ",2014,79.1,,,,,,
"Business, building and other support services ",2015,76.6,,,,,,
"Business, building and other support services ",2016,76.3,,,,,,
"Business, building and other support services ",2017,76.9,,,,,,
"Business, building and other support services ",2018,82.9,,,,,,
"Business, building and other support services ",2019,78.9,,,,,,
"Business, building and other support services ",2020,68,,,,,,
"Business, building and other support services ",2021,69.3,,,,,,
"Business, building and other support services ",2022,73.7,,,,,,
"Business, building and other support services ",2023,75.6,,,,,,
,,,,,,,,
Educational services,1976,60.8,63.7,29.5,32.9,36.3,54,..
Educational services,1977,66,63.9,31.8,40.8,38.8,55.8,..
Educational services,1978,61.8,69.5,36.2,46.7,40.7,56.1,..
Educational services,1979,61.3,72.1,36.2,55.5,42,59,..
Educational services,1980,59.6,78.9,35.5,65.2,46.5,64.8,..
Educational services,1981,59.7,84.1,40,69.4,51.9,67.9,..
Educational services,1982,65,86.7,44.5,67.3,50.8,75.8,..
Educational services,1983,71.2,94,44.9,64,51.6,76.5,..
Educational services,1984,70.3,98.9,45,67.1,51.8,78.9,..
Educational services,1985,71.2,102.6,45.3,64.5,59.6,82.9,..
Educational services,1986,78.7,101.7,47.4,64.3,64.3,87.1,..
Educational services,1987,83.5,106.4,49.6,67.1,60.8,81.3,..
Educational services,1988,85.5,108.4,51.4,65.9,59,84.1,..
Educational services,1989,88.1,115.5,51.3,66.4,57.7,86.6,..
Educational services,1990,92,116.9,48.6,74.5,59.8,83.9,..
Educational services,1991,93.5,119.1,46.7,76.6,62.6,86.6,..
Educational services,1992,88.6,120.3,52.1,80.2,62.1,86.1,..
Educational services,1993,92.4,125.2,50.9,81.9,63.9,79.1,..
Educational services,1994,88.5,124.1,55.3,87.7,68.4,75.6,..
Educational services,1995,90.5,126.8,61.3,90.3,68.8,71.3,..
Educational services,1996,92.1,133.1,60.9,93.2,68.4,72.8,..
Educational services,1997,94.3,138.7,61,100.8,74.1,73,..
Educational services,1998,94.9,144.8,70.3,105.6,77.2,71.2,..
Educational services,1999,104.5,142.9,63.6,103.4,74.4,64.9,..
Educational services,2000,100.8,150,63.8,111.3,75.1,62.6,..
Educational services,2001,108.9,148.7,66.3,111.1,77.2,64.2,..
Educational services,2002,109.4,155.5,69.6,119.4,80.4,65.8,..
Educational services,2003,110.2,158.4,74.1,124,83,73.1,..
Educational services,2004,109.6,165.8,72.6,124.7,81.9,71.4,..
Educational services,2005,122.3,174.1,73.5,109.4,83.8,70.2,..
Educational services,2006,128.1,179.8,69.8,116.8,92.5,78.6,..
Educational services,2007,126.6,186.1,70.7,120.3,94.1,83.2,..
Educational services,2008,126.3,191.7,69.6,119.4,96.6,86.1,..
Educational services,2009,129.8,200.7,76.5,132.8,103.7,92,..
Educational services,2010,125,214.7,76.1,135.4,101.1,91.5,..
Educational services,2011,124.5,228.2,75.4,141.7,106.9,90.9,..
Educational services,2012,124.4,234.2,72,145.9,105.4,96.1,..
Educational services,2013,124.5,236.9,77.8,140.2,109.2,96,..
Educational services,2014,125.2,242.2,72.9,142.8,115.9,91.7,..
Educational services,2015,134.8,260.3,73.5,152.5,115.1,95.6,..
Educational services,2016,137.9,263.6,74.2,146.1,116.8,94.1,..
Educational services,2017,140.5,265.5,72.5,146.1,113.1,98.6,..
Educational services,2018,145.9,274,78.8,135.8,110.5,106.3,..
Educational services,2019,149.5,284.7,76.1,136.5,105.4,112.1,..
Educational services,2020,143.3,285.1,70.7,110.5,93.2,103.8,..
Educational services,2021,167.7,306.3,64.6,112.3,94.3,103.2,..
Educational services,2022,168.1,309.1,82.3,128.5,95.7,108.2,..
Educational services,2023,161.7,324.4,82.6,132.4,99.4,114,..
,,,,,,,,
Health care and social assistance,1976,63.7,,,,,,
Health care and social assistance,1977,63.9,,,,,,
Health care and social assistance,1978,69.5,,,,,,
Health care and social assistance,1979,72.1,,,,,,
Health care and social assistance,1980,78.9,,,,,,
Health care and social assistance,1981,84.1,,,,,,
Health care and social assistance,1982,86.7,,,,,,
Health care and social assistance,1983,94,,,,,,
Health care and social assistance,1984,98.9,,,,,,
Health care and social assistance,1985,102.6,,,,,,
Health care and social assistance,1986,101.7,,,,,,
Health care and social assistance,1987,106.4,,,,,,
Health care and social assistance,1988,108.4,,,,,,
Health care and social assistance,1989,115.5,,,,,,
Health care and social assistance,1990,116.9,,,,,,
Health care and social assistance,1991,119.1,,,,,,
Health care and social assistance,1992,120.3,,,,,,
Health care and social assistance,1993,125.2,,,,,,
Health care and social assistance,1994,124.1,,,,,,
Health care and social assistance,1995,126.8,,,,,,
Health care and social assistance,1996,133.1,,,,,,
Health care and social assistance,1997,138.7,,,,,,
Health care and social assistance,1998,144.8,,,,,,
Health care and social assistance,1999,142.9,,,,,,
Health care and social assistance,2000,150,,,,,,
Health care and social assistance,2001,148.7,,,,,,
Health care and social assistance,2002,155.5,,,,,,
Health care and social assistance,2003,158.4,,,,,,
Health care and social assistance,2004,165.8,,,,,,
Health care and social assistance,2005,174.1,,,,,,
Health care and social assistance,2006,179.8,,,,,,
Health care and social assistance,2007,186.1,,,,,,
Health care and social assistance,2008,191.7,,,,,,
Health care and social assistance,2009,200.7,,,,,,
Health care and social assistance,2010,214.7,,,,,,
Health care and social assistance,2011,228.2,,,,,,
Health care and social assistance,2012,234.2,,,,,,
Health care and social assistance,2013,236.9,,,,,,
Health care and social assistance,2014,242.2,,,,,,
Health care and social assistance,2015,260.3,,,,,,
Health care and social assistance,2016,263.6,,,,,,
Health care and social assistance,2017,265.5,,,,,,
Health care and social assistance,2018,274,,,,,,
Health care and social assistance,2019,284.7,,,,,,
Health care and social assistance,2020,285.1,,,,,,
Health care and social assistance,2021,306.3,,,,,,
Health care and social assistance,2022,309.1,,,,,,
Health care and social assistance,2023,324.4,,,,,,
,,,,,,,,
"Information, culture and recreation",1976,29.5,,,,,,
"Information, culture and recreation",1977,31.8,,,,,,
"Information, culture and recreation",1978,36.2,,,,,,
"Information, culture and recreation",1979,36.2,,,,,,
"Information, culture and recreation",1980,35.5,,,,,,
"Information, culture and recreation",1981,40,,,,,,
"Information, culture and recreation",1982,44.5,,,,,,
"Information, culture and recreation",1983,44.9,,,,,,
"Information, culture and recreation",1984,45,,,,,,
"Information, culture and recreation",1985,45.3,,,,,,
"Information, culture and recreation",1986,47.4,,,,,,
"Information, culture and recreation",1987,49.6,,,,,,
"Information, culture and recreation",1988,51.4,,,,,,
"Information, culture and recreation",1989,51.3,,,,,,
"Information, culture and recreation",1990,48.6,,,,,,
"Information, culture and recreation",1991,46.7,,,,,,
"Information, culture and recreation",1992,52.1,,,,,,
"Information, culture and recreation",1993,50.9,,,,,,
"Information, culture and recreation",1994,55.3,,,,,,
"Information, culture and recreation",1995,61.3,,,,,,
"Information, culture and recreation",1996,60.9,,,,,,
"Information, culture and recreation",1997,61,,,,,,
"Information, culture and recreation",1998,70.3,,,,,,
"Information, culture and recreation",1999,63.6,,,,,,
"Information, culture and recreation",2000,63.8,,,,,,
"Information, culture and recreation",2001,66.3,,,,,,
"Information, culture and recreation",2002,69.6,,,,,,
"Information, culture and recreation",2003,74.1,,,,,,
"Information, culture and recreation",2004,72.6,,,,,,
"Information, culture and recreation",2005,73.5,,,,,,
"Information, culture and recreation",2006,69.8,,,,,,
"Information, culture and recreation",2007,70.7,,,,,,
"Information, culture and recreation",2008,69.6,,,,,,
"Information, culture and recreation",2009,76.5,,,,,,
"Information, culture and recreation",2010,76.1,,,,,,
"Information, culture and recreation",2011,75.4,,,,,,
"Information, culture and recreation",2012,72,,,,,,
"Information, culture and recreation",2013,77.8,,,,,,
"Information, culture and recreation",2014,72.9,,,,,,
"Information, culture and recreation",2015,73.5,,,,,,
"Information, culture and recreation",2016,74.2,,,,,,
"Information, culture and recreation",2017,72.5,,,,,,
"Information, culture and recreation",2018,78.8,,,,,,
"Information, culture and recreation",2019,76.1,,,,,,
"Information, culture and recreation",2020,70.7,,,,,,
"Information, culture and recreation",2021,64.6,,,,,,
"Information, culture and recreation",2022,82.3,,,,,,
"Information, culture and recreation",2023,82.6,,,,,,
,,,,,,,,
Accommodation and food services,1976,32.9,,,,,,
Accommodation and food services,1977,40.8,,,,,,
Accommodation and food services,1978,46.7,,,,,,
Accommodation and food services,1979,55.5,,,,,,
Accommodation and food services,1980,65.2,,,,,,
Accommodation and food services,1981,69.4,,,,,,
Accommodation and food services,1982,67.3,,,,,,
Accommodation and food services,1983,64,,,,,,
Accommodation and food services,1984,67.1,,,,,,
Accommodation and food services,1985,64.5,,,,,,
Accommodation and food services,1986,64.3,,,,,,
Accommodation and food services,1987,67.1,,,,,,
Accommodation and food services,1988,65.9,,,,,,
Accommodation and food services,1989,66.4,,,,,,
Accommodation and food services,1990,74.5,,,,,,
Accommodation and food services,1991,76.6,,,,,,
Accommodation and food services,1992,80.2,,,,,,
Accommodation and food services,1993,81.9,,,,,,
Accommodation and food services,1994,87.7,,,,,,
Accommodation and food services,1995,90.3,,,,,,
Accommodation and food services,1996,93.2,,,,,,
Accommodation and food services,1997,100.8,,,,,,
Accommodation and food services,1998,105.6,,,,,,
Accommodation and food services,1999,103.4,,,,,,
Accommodation and food services,2000,111.3,,,,,,
Accommodation and food services,2001,111.1,,,,,,
Accommodation and food services,2002,119.4,,,,,,
Accommodation and food services,2003,124,,,,,,
Accommodation and food services,2004,124.7,,,,,,
Accommodation and food services,2005,109.4,,,,,,
Accommodation and food services,2006,116.8,,,,,,
Accommodation and food services,2007,120.3,,,,,,
Accommodation and food services,2008,119.4,,,,,,
Accommodation and food services,2009,132.8,,,,,,
Accommodation and food services,2010,135.4,,,,,,
Accommodation and food services,2011,141.7,,,,,,
Accommodation and food services,2012,145.9,,,,,,
Accommodation and food services,2013,140.2,,,,,,
Accommodation and food services,2014,142.8,,,,,,
Accommodation and food services,2015,152.5,,,,,,
Accommodation and food services,2016,146.1,,,,,,
Accommodation and food services,2017,146.1,,,,,,
Accommodation and food services,2018,135.8,,,,,,
Accommodation and food services,2019,136.5,,,,,,
Accommodation and food services,2020,110.5,,,,,,
Accommodation and food services,2021,112.3,,,,,,
Accommodation and food services,2022,128.5,,,,,,
Accommodation and food services,2023,132.4,,,,,,
,,,,,,,,
Other services (except public administration),1976,36.3,,,,,,
Other services (except public administration),1977,38.8,,,,,,
Other services (except public administration),1978,40.7,,,,,,
Other services (except public administration),1979,42,,,,,,
Other services (except public administration),1980,46.5,,,,,,
Other services (except public administration),1981,51.9,,,,,,
Other services (except public administration),1982,50.8,,,,,,
Other services (except public administration),1983,51.6,,,,,,
Other services (except public administration),1984,51.8,,,,,,
Other services (except public administration),1985,59.6,,,,,,
Other services (except public administration),1986,64.3,,,,,,
Other services (except public administration),1987,60.8,,,,,,
Other services (except public administration),1988,59,,,,,,
Other services (except public administration),1989,57.7,,,,,,
Other services (except public administration),1990,59.8,,,,,,
Other services (except public administration),1991,62.6,,,,,,
Other services (except public administration),1992,62.1,,,,,,
Other services (except public administration),1993,63.9,,,,,,
Other services (except public administration),1994,68.4,,,,,,
Other services (except public administration),1995,68.8,,,,,,
Other services (except public administration),1996,68.4,,,,,,
Other services (except public administration),1997,74.1,,,,,,
Other services (except public administration),1998,77.2,,,,,,
Other services (except public administration),1999,74.4,,,,,,
Other services (except public administration),2000,75.1,,,,,,
Other services (except public administration),2001,77.2,,,,,,
Other services (except public administration),2002,80.4,,,,,,
Other services (except public administration),2003,83,,,,,,
Other services (except public administration),2004,81.9,,,,,,
Other services (except public administration),2005,83.8,,,,,,
Other services (except public administration),2006,92.5,,,,,,
Other services (except public administration),2007,94.1,,,,,,
Other services (except public administration),2008,96.6,,,,,,
Other services (except public administration),2009,103.7,,,,,,
Other services (except public administration),2010,101.1,,,,,,
Other services (except public administration),2011,106.9,,,,,,
Other services (except public administration),2012,105.4,,,,,,
Other services (except public administration),2013,109.2,,,,,,
Other services (except public administration),2014,115.9,,,,,,
Other services (except public administration),2015,115.1,,,,,,
Other services (except public administration),2016,116.8,,,,,,
Other services (except public administration),2017,113.1,,,,,,
Other services (except public administration),2018,110.5,,,,,,
Other services (except public administration),2019,105.4,,,,,,
Other services (except public administration),2020,93.2,,,,,,
Other services (except public administration),2021,94.3,,,,,,
Other services (except public administration),2022,95.7,,,,,,
Other services (except public administration),2023,99.4,,,,,,
,,,,,,,,
Public administration,1976,54,,,,,,
Public administration,1977,55.8,,,,,,
Public administration,1978,56.1,,,,,,
Public administration,1979,59,,,,,,
Public administration,1980,64.8,,,,,,
Public administration,1981,67.9,,,,,,
Public administration,1982,75.8,,,,,,
Public administration,1983,76.5,,,,,,
Public administration,1984,78.9,,,,,,
Public administration,1985,82.9,,,,,,
Public administration,1986,87.1,,,,,,
Public administration,1987,81.3,,,,,,
Public administration,1988,84.1,,,,,,
Public administration,1989,86.6,,,,,,
Public administration,1990,83.9,,,,,,
Public administration,1991,86.6,,,,,,
Public administration,1992,86.1,,,,,,
Public administration,1993,79.1,,,,,,
Public administration,1994,75.6,,,,,,
Public administration,1995,71.3,,,,,,
Public administration,1996,72.8,,,,,,
Public administration,1997,73,,,,,,
Public administration,1998,71.2,,,,,,
Public administration,1999,64.9,,,,,,
Public administration,2000,62.6,,,,,,
Public administration,2001,64.2,,,,,,
Public administration,2002,65.8,,,,,,
Public administration,2003,73.1,,,,,,
Public administration,2004,71.4,,,,,,
Public administration,2005,70.2,,,,,,
Public administration,2006,78.6,,,,,,
Public administration,2007,83.2,,,,,,
Public administration,2008,86.1,,,,,,
Public administration,2009,92,,,,,,
Public administration,2010,91.5,,,,,,
Public administration,2011,90.9,,,,,,
Public administration,2012,96.1,,,,,,
Public administration,2013,96,,,,,,
Public administration,2014,91.7,,,,,,
Public administration,2015,95.6,,,,,,
Public administration,2016,94.1,,,,,,
Public administration,2017,98.6,,,,,,
Public administration,2018,106.3,,,,,,
Public administration,2019,112.1,,,,,,
Public administration,2020,103.8,,,,,,
Public administration,2021,103.2,,,,,,
Public administration,2022,108.2,,,,,,
Public administration,2023,114,,,,,,
