Industry,Year,Employment
Goods-producing sector ,1976,75.9
Goods-producing sector ,1977,71.8
Goods-producing sector ,1978,74.7
Goods-producing sector ,1979,75.6
Goods-producing sector ,1980,74.8
Goods-producing sector ,1981,76.7
Goods-producing sector ,1982,71.2
Goods-producing sector ,1983,68.8
Goods-producing sector ,1984,70.1
Goods-producing sector ,1985,71.5
Goods-producing sector ,1986,73.1
Goods-producing sector ,1987,74.3
Goods-producing sector ,1988,80.2
Goods-producing sector ,1989,79.9
Goods-producing sector ,1990,80.5
Goods-producing sector ,1991,76.5
Goods-producing sector ,1992,76.9
Goods-producing sector ,1993,77
Goods-producing sector ,1994,75.4
Goods-producing sector ,1995,77.9
Goods-producing sector ,1996,74.9
Goods-producing sector ,1997,76.5
Goods-producing sector ,1998,78.6
Goods-producing sector ,1999,79.8
Goods-producing sector ,2000,82.6
Goods-producing sector ,2001,78.7
Goods-producing sector ,2002,77.4
Goods-producing sector ,2003,78.7
Goods-producing sector ,2004,81.4
Goods-producing sector ,2005,74.8
Goods-producing sector ,2006,76
Goods-producing sector ,2007,81.9
Goods-producing sector ,2008,80.4
Goods-producing sector ,2009,80.4
Goods-producing sector ,2010,81.4
Goods-producing sector ,2011,82.3
Goods-producing sector ,2012,77.1
Goods-producing sector ,2013,78.9
Goods-producing sector ,2014,77.8
Goods-producing sector ,2015,73.4
Goods-producing sector ,2016,74.1
Goods-producing sector ,2017,73.1
Goods-producing sector ,2018,74.2
Goods-producing sector ,2019,76.8
Goods-producing sector ,2020,73.3
Goods-producing sector ,2021,71.3
Goods-producing sector ,2022,75.6
Goods-producing sector ,2023,77.1
Agriculture ,1976,5.8
Agriculture ,1977,4.9
Agriculture ,1978,4.2
Agriculture ,1979,5.1
Agriculture ,1980,5.9
Agriculture ,1981,5.7
Agriculture ,1982,6.9
Agriculture ,1983,6.7
Agriculture ,1984,6.8
Agriculture ,1985,6.9
Agriculture ,1986,6.3
Agriculture ,1987,6
Agriculture ,1988,6
Agriculture ,1989,5.7
Agriculture ,1990,5.4
Agriculture ,1991,5.9
Agriculture ,1992,6.4
Agriculture ,1993,6.2
Agriculture ,1994,6
Agriculture ,1995,5.9
Agriculture ,1996,5.6
Agriculture ,1997,6.4
Agriculture ,1998,6.5
Agriculture ,1999,5.8
Agriculture ,2000,6
Agriculture ,2001,5.6
Agriculture ,2002,5.2
Agriculture ,2003,5.5
Agriculture ,2004,6.4
Agriculture ,2005,6.6
Agriculture ,2006,6.5
Agriculture ,2007,6.1
Agriculture ,2008,6
Agriculture ,2009,7.2
Agriculture ,2010,6.4
Agriculture ,2011,5.1
Agriculture ,2012,4.4
Agriculture ,2013,4.5
Agriculture ,2014,3.8
Agriculture ,2015,3.9
Agriculture ,2016,4.9
Agriculture ,2017,5.1
Agriculture ,2018,5.8
Agriculture ,2019,6.1
Agriculture ,2020,4.8
Agriculture ,2021,5.4
Agriculture ,2022,6.2
Agriculture ,2023,5.5
"Forestry, fishing, mining, quarrying, oil and gas",1976,9.3
"Forestry, fishing, mining, quarrying, oil and gas",1977,9.8
"Forestry, fishing, mining, quarrying, oil and gas",1978,10.2
"Forestry, fishing, mining, quarrying, oil and gas",1979,10.3
"Forestry, fishing, mining, quarrying, oil and gas",1980,10.6
"Forestry, fishing, mining, quarrying, oil and gas",1981,12.7
"Forestry, fishing, mining, quarrying, oil and gas",1982,11.6
"Forestry, fishing, mining, quarrying, oil and gas",1983,10.5
"Forestry, fishing, mining, quarrying, oil and gas",1984,11
"Forestry, fishing, mining, quarrying, oil and gas",1985,11
"Forestry, fishing, mining, quarrying, oil and gas",1986,10.8
"Forestry, fishing, mining, quarrying, oil and gas",1987,11.1
"Forestry, fishing, mining, quarrying, oil and gas",1988,12.5
"Forestry, fishing, mining, quarrying, oil and gas",1989,12.9
"Forestry, fishing, mining, quarrying, oil and gas",1990,12.9
"Forestry, fishing, mining, quarrying, oil and gas",1991,12.9
"Forestry, fishing, mining, quarrying, oil and gas",1992,12.2
"Forestry, fishing, mining, quarrying, oil and gas",1993,12.4
"Forestry, fishing, mining, quarrying, oil and gas",1994,13.6
"Forestry, fishing, mining, quarrying, oil and gas",1995,12.9
"Forestry, fishing, mining, quarrying, oil and gas",1996,12.2
"Forestry, fishing, mining, quarrying, oil and gas",1997,13.2
"Forestry, fishing, mining, quarrying, oil and gas",1998,12.8
"Forestry, fishing, mining, quarrying, oil and gas",1999,12.3
"Forestry, fishing, mining, quarrying, oil and gas",2000,12.6
"Forestry, fishing, mining, quarrying, oil and gas",2001,11.5
"Forestry, fishing, mining, quarrying, oil and gas",2002,10.5
"Forestry, fishing, mining, quarrying, oil and gas",2003,10.8
"Forestry, fishing, mining, quarrying, oil and gas",2004,11.2
"Forestry, fishing, mining, quarrying, oil and gas",2005,11.2
"Forestry, fishing, mining, quarrying, oil and gas",2006,9.4
"Forestry, fishing, mining, quarrying, oil and gas",2007,10.2
"Forestry, fishing, mining, quarrying, oil and gas",2008,10.7
"Forestry, fishing, mining, quarrying, oil and gas",2009,10.8
"Forestry, fishing, mining, quarrying, oil and gas",2010,10.2
"Forestry, fishing, mining, quarrying, oil and gas",2011,10.5
"Forestry, fishing, mining, quarrying, oil and gas",2012,12.2
"Forestry, fishing, mining, quarrying, oil and gas",2013,12.3
"Forestry, fishing, mining, quarrying, oil and gas",2014,12.1
"Forestry, fishing, mining, quarrying, oil and gas",2015,11
"Forestry, fishing, mining, quarrying, oil and gas",2016,9.6
"Forestry, fishing, mining, quarrying, oil and gas",2017,8.5
"Forestry, fishing, mining, quarrying, oil and gas",2018,9.3
"Forestry, fishing, mining, quarrying, oil and gas",2019,10.2
"Forestry, fishing, mining, quarrying, oil and gas",2020,10
"Forestry, fishing, mining, quarrying, oil and gas",2021,9.2
"Forestry, fishing, mining, quarrying, oil and gas",2022,8.3
"Forestry, fishing, mining, quarrying, oil and gas",2023,7.6
,,
Forestry and logging and support activities for forestry,1976,..
Forestry and logging and support activities for forestry,1977,..
Forestry and logging and support activities for forestry,1978,..
Forestry and logging and support activities for forestry,1979,..
Forestry and logging and support activities for forestry,1980,..
Forestry and logging and support activities for forestry,1981,..
Forestry and logging and support activities for forestry,1982,..
Forestry and logging and support activities for forestry,1983,..
Forestry and logging and support activities for forestry,1984,..
Forestry and logging and support activities for forestry,1985,..
Forestry and logging and support activities for forestry,1986,..
Forestry and logging and support activities for forestry,1987,5
Forestry and logging and support activities for forestry,1988,6.1
Forestry and logging and support activities for forestry,1989,5.3
Forestry and logging and support activities for forestry,1990,4.7
Forestry and logging and support activities for forestry,1991,3.8
Forestry and logging and support activities for forestry,1992,3.4
Forestry and logging and support activities for forestry,1993,3.6
Forestry and logging and support activities for forestry,1994,4.3
Forestry and logging and support activities for forestry,1995,5.5
Forestry and logging and support activities for forestry,1996,4.7
Forestry and logging and support activities for forestry,1997,6.2
Forestry and logging and support activities for forestry,1998,5.5
Forestry and logging and support activities for forestry,1999,5.3
Forestry and logging and support activities for forestry,2000,5.7
Forestry and logging and support activities for forestry,2001,5.6
Forestry and logging and support activities for forestry,2002,4.5
Forestry and logging and support activities for forestry,2003,5.6
Forestry and logging and support activities for forestry,2004,5.5
Forestry and logging and support activities for forestry,2005,5
Forestry and logging and support activities for forestry,2006,4.3
Forestry and logging and support activities for forestry,2007,3.9
Forestry and logging and support activities for forestry,2008,3.8
Forestry and logging and support activities for forestry,2009,3.9
Forestry and logging and support activities for forestry,2010,3.6
Forestry and logging and support activities for forestry,2011,3.5
Forestry and logging and support activities for forestry,2012,4
Forestry and logging and support activities for forestry,2013,4
Forestry and logging and support activities for forestry,2014,4.2
Forestry and logging and support activities for forestry,2015,3.2
Forestry and logging and support activities for forestry,2016,3.4
Forestry and logging and support activities for forestry,2017,3.5
Forestry and logging and support activities for forestry,2018,3.2
Forestry and logging and support activities for forestry,2019,3.5
Forestry and logging and support activities for forestry,2020,4.5
Forestry and logging and support activities for forestry,2021,3.6
Forestry and logging and support activities for forestry,2022,2.6
Forestry and logging and support activities for forestry,2023,2.6
,,
"Fishing, hunting and trapping",1976,..
"Fishing, hunting and trapping",1977,..
"Fishing, hunting and trapping",1978,..
"Fishing, hunting and trapping",1979,..
"Fishing, hunting and trapping",1980,..
"Fishing, hunting and trapping",1981,..
"Fishing, hunting and trapping",1982,..
"Fishing, hunting and trapping",1983,..
"Fishing, hunting and trapping",1984,..
"Fishing, hunting and trapping",1985,..
"Fishing, hunting and trapping",1986,..
"Fishing, hunting and trapping",1987,2.3
"Fishing, hunting and trapping",1988,2.5
"Fishing, hunting and trapping",1989,3.1
"Fishing, hunting and trapping",1990,4.4
"Fishing, hunting and trapping",1991,4.7
"Fishing, hunting and trapping",1992,4.6
"Fishing, hunting and trapping",1993,5
"Fishing, hunting and trapping",1994,4.9
"Fishing, hunting and trapping",1995,3.7
"Fishing, hunting and trapping",1996,3.8
"Fishing, hunting and trapping",1997,3.1
"Fishing, hunting and trapping",1998,3.3
"Fishing, hunting and trapping",1999,3.4
"Fishing, hunting and trapping",2000,3
"Fishing, hunting and trapping",2001,2.5
"Fishing, hunting and trapping",2002,2.7
"Fishing, hunting and trapping",2003,2.3
"Fishing, hunting and trapping",2004,2.4
"Fishing, hunting and trapping",2005,2.5
"Fishing, hunting and trapping",2006,1.4
"Fishing, hunting and trapping",2007,2
"Fishing, hunting and trapping",2008,2.5
"Fishing, hunting and trapping",2009,2.1
"Fishing, hunting and trapping",2010,1.8
"Fishing, hunting and trapping",2011,2.6
"Fishing, hunting and trapping",2012,2.7
"Fishing, hunting and trapping",2013,2.4
"Fishing, hunting and trapping",2014,2.2
"Fishing, hunting and trapping",2015,2.1
"Fishing, hunting and trapping",2016,1.9
"Fishing, hunting and trapping",2017,1.6
"Fishing, hunting and trapping",2018,1.8
"Fishing, hunting and trapping",2019,2.5
"Fishing, hunting and trapping",2020,2.5
"Fishing, hunting and trapping",2021,2.5
"Fishing, hunting and trapping",2022,2.3
"Fishing, hunting and trapping",2023,2.3
,,
"Mining, quarrying, and oil and gas extraction",1976,..
"Mining, quarrying, and oil and gas extraction",1977,..
"Mining, quarrying, and oil and gas extraction",1978,..
"Mining, quarrying, and oil and gas extraction",1979,..
"Mining, quarrying, and oil and gas extraction",1980,..
"Mining, quarrying, and oil and gas extraction",1981,..
"Mining, quarrying, and oil and gas extraction",1982,..
"Mining, quarrying, and oil and gas extraction",1983,..
"Mining, quarrying, and oil and gas extraction",1984,..
"Mining, quarrying, and oil and gas extraction",1985,..
"Mining, quarrying, and oil and gas extraction",1986,..
"Mining, quarrying, and oil and gas extraction",1987,3.9
"Mining, quarrying, and oil and gas extraction",1988,3.9
"Mining, quarrying, and oil and gas extraction",1989,4.5
"Mining, quarrying, and oil and gas extraction",1990,3.8
"Mining, quarrying, and oil and gas extraction",1991,4.4
"Mining, quarrying, and oil and gas extraction",1992,4.1
"Mining, quarrying, and oil and gas extraction",1993,3.8
"Mining, quarrying, and oil and gas extraction",1994,4.4
"Mining, quarrying, and oil and gas extraction",1995,3.7
"Mining, quarrying, and oil and gas extraction",1996,3.7
"Mining, quarrying, and oil and gas extraction",1997,3.9
"Mining, quarrying, and oil and gas extraction",1998,4
"Mining, quarrying, and oil and gas extraction",1999,3.6
"Mining, quarrying, and oil and gas extraction",2000,3.9
"Mining, quarrying, and oil and gas extraction",2001,3.4
"Mining, quarrying, and oil and gas extraction",2002,3.2
"Mining, quarrying, and oil and gas extraction",2003,2.9
"Mining, quarrying, and oil and gas extraction",2004,3.4
"Mining, quarrying, and oil and gas extraction",2005,3.7
"Mining, quarrying, and oil and gas extraction",2006,3.8
"Mining, quarrying, and oil and gas extraction",2007,4.3
"Mining, quarrying, and oil and gas extraction",2008,4.4
"Mining, quarrying, and oil and gas extraction",2009,4.7
"Mining, quarrying, and oil and gas extraction",2010,4.8
"Mining, quarrying, and oil and gas extraction",2011,4.4
"Mining, quarrying, and oil and gas extraction",2012,5.5
"Mining, quarrying, and oil and gas extraction",2013,5.9
"Mining, quarrying, and oil and gas extraction",2014,5.7
"Mining, quarrying, and oil and gas extraction",2015,5.7
"Mining, quarrying, and oil and gas extraction",2016,4.3
"Mining, quarrying, and oil and gas extraction",2017,3.4
"Mining, quarrying, and oil and gas extraction",2018,4.3
"Mining, quarrying, and oil and gas extraction",2019,4.3
"Mining, quarrying, and oil and gas extraction",2020,3.1
"Mining, quarrying, and oil and gas extraction",2021,3.1
"Mining, quarrying, and oil and gas extraction",2022,3.3
"Mining, quarrying, and oil and gas extraction",2023,2.8
,,
Utilities,1976,3.6
Utilities,1977,3.7
Utilities,1978,3.3
Utilities,1979,2.9
Utilities,1980,3.2
Utilities,1981,4.3
Utilities,1982,3.9
Utilities,1983,3.1
Utilities,1984,3.5
Utilities,1985,3.4
Utilities,1986,3.9
Utilities,1987,3.3
Utilities,1988,3.4
Utilities,1989,3.7
Utilities,1990,4
Utilities,1991,4.6
Utilities,1992,5
Utilities,1993,4.3
Utilities,1994,4.1
Utilities,1995,3.6
Utilities,1996,3.2
Utilities,1997,3.1
Utilities,1998,3.3
Utilities,1999,3.6
Utilities,2000,4.6
Utilities,2001,4.7
Utilities,2002,4.9
Utilities,2003,4.2
Utilities,2004,3.4
Utilities,2005,3.2
Utilities,2006,3.2
Utilities,2007,3.5
Utilities,2008,4.2
Utilities,2009,3.9
Utilities,2010,4.1
Utilities,2011,3.7
Utilities,2012,3.4
Utilities,2013,3.8
Utilities,2014,3.8
Utilities,2015,3.3
Utilities,2016,3.4
Utilities,2017,3.1
Utilities,2018,2.9
Utilities,2019,3.2
Utilities,2020,3.2
Utilities,2021,3.5
Utilities,2022,4.1
Utilities,2023,4.8
,,
Construction,1976,22.8
Construction,1977,19.8
Construction,1978,19.7
Construction,1979,20.9
Construction,1980,19.3
Construction,1981,16.4
Construction,1982,16.7
Construction,1983,16.7
Construction,1984,15.3
Construction,1985,16.5
Construction,1986,16.8
Construction,1987,17.5
Construction,1988,18.8
Construction,1989,20
Construction,1990,20.5
Construction,1991,19.3
Construction,1992,18.4
Construction,1993,17.7
Construction,1994,16.9
Construction,1995,18.3
Construction,1996,18.6
Construction,1997,18.4
Construction,1998,19.6
Construction,1999,19.1
Construction,2000,19
Construction,2001,19
Construction,2002,19.4
Construction,2003,18.9
Construction,2004,19.2
Construction,2005,18.5
Construction,2006,21
Construction,2007,24.2
Construction,2008,25.9
Construction,2009,26.6
Construction,2010,30.2
Construction,2011,31.5
Construction,2012,28.2
Construction,2013,29.4
Construction,2014,28.9
Construction,2015,24.3
Construction,2016,24.5
Construction,2017,24.9
Construction,2018,24.5
Construction,2019,26
Construction,2020,24.9
Construction,2021,23.4
Construction,2022,29.2
Construction,2023,30.9
,,
Manufacturing,1976,34.3
Manufacturing,1977,33.6
Manufacturing,1978,37.3
Manufacturing,1979,36.3
Manufacturing,1980,35.7
Manufacturing,1981,37.6
Manufacturing,1982,32.1
Manufacturing,1983,31.8
Manufacturing,1984,33.4
Manufacturing,1985,33.7
Manufacturing,1986,35.4
Manufacturing,1987,36.4
Manufacturing,1988,39.6
Manufacturing,1989,37.6
Manufacturing,1990,37.8
Manufacturing,1991,33.8
Manufacturing,1992,34.9
Manufacturing,1993,36.4
Manufacturing,1994,34.8
Manufacturing,1995,37.1
Manufacturing,1996,35.3
Manufacturing,1997,35.3
Manufacturing,1998,36.4
Manufacturing,1999,39
Manufacturing,2000,40.5
Manufacturing,2001,37.9
Manufacturing,2002,37.4
Manufacturing,2003,39.2
Manufacturing,2004,41.3
Manufacturing,2005,35.3
Manufacturing,2006,35.9
Manufacturing,2007,37.8
Manufacturing,2008,33.6
Manufacturing,2009,32
Manufacturing,2010,30.4
Manufacturing,2011,31.5
Manufacturing,2012,28.9
Manufacturing,2013,28.8
Manufacturing,2014,29.1
Manufacturing,2015,31
Manufacturing,2016,31.7
Manufacturing,2017,31.4
Manufacturing,2018,31.6
Manufacturing,2019,31.3
Manufacturing,2020,30.5
Manufacturing,2021,29.8
Manufacturing,2022,27.7
Manufacturing,2023,28.2
,,
Durables,1976,..
Durables,1977,..
Durables,1978,..
Durables,1979,..
Durables,1980,..
Durables,1981,..
Durables,1982,..
Durables,1983,..
Durables,1984,..
Durables,1985,..
Durables,1986,..
Durables,1987,14.8
Durables,1988,15.4
Durables,1989,15.7
Durables,1990,15.9
Durables,1991,14.4
Durables,1992,12.8
Durables,1993,13
Durables,1994,13.1
Durables,1995,14.7
Durables,1996,13.3
Durables,1997,13.7
Durables,1998,14.4
Durables,1999,17.1
Durables,2000,17.5
Durables,2001,16.2
Durables,2002,16.6
Durables,2003,17.3
Durables,2004,17.8
Durables,2005,17
Durables,2006,16.2
Durables,2007,16.5
Durables,2008,14.2
Durables,2009,13.7
Durables,2010,13.5
Durables,2011,14.9
Durables,2012,13.4
Durables,2013,12.8
Durables,2014,13.4
Durables,2015,13.1
Durables,2016,15.9
Durables,2017,14.6
Durables,2018,16.3
Durables,2019,14.5
Durables,2020,13.9
Durables,2021,13.3
Durables,2022,12.8
Durables,2023,14.8
,,
Non-durables,1976,..
Non-durables,1977,..
Non-durables,1978,..
Non-durables,1979,..
Non-durables,1980,..
Non-durables,1981,..
Non-durables,1982,..
Non-durables,1983,..
Non-durables,1984,..
Non-durables,1985,..
Non-durables,1986,..
Non-durables,1987,21.6
Non-durables,1988,24.2
Non-durables,1989,21.9
Non-durables,1990,21.9
Non-durables,1991,19.4
Non-durables,1992,22.1
Non-durables,1993,23.4
Non-durables,1994,21.7
Non-durables,1995,22.4
Non-durables,1996,22
Non-durables,1997,21.6
Non-durables,1998,21.9
Non-durables,1999,21.9
Non-durables,2000,23
Non-durables,2001,21.7
Non-durables,2002,20.9
Non-durables,2003,21.9
Non-durables,2004,23.5
Non-durables,2005,18.3
Non-durables,2006,19.7
Non-durables,2007,21.3
Non-durables,2008,19.4
Non-durables,2009,18.3
Non-durables,2010,16.9
Non-durables,2011,16.7
Non-durables,2012,15.5
Non-durables,2013,16
Non-durables,2014,15.8
Non-durables,2015,17.9
Non-durables,2016,15.8
Non-durables,2017,16.9
Non-durables,2018,15.4
Non-durables,2019,16.8
Non-durables,2020,16.6
Non-durables,2021,16.5
Non-durables,2022,15
Non-durables,2023,13.4
,,
Services-producing,1976,155.2
Services-producing,1977,156.5
Services-producing,1978,164.5
Services-producing,1979,174.5
Services-producing,1980,179.1
Services-producing,1981,181
Services-producing,1982,177.3
Services-producing,1983,182.5
Services-producing,1984,185.1
Services-producing,1985,190.5
Services-producing,1986,197.9
Services-producing,1987,205.9
Services-producing,1988,210.8
Services-producing,1989,217
Services-producing,1990,219.7
Services-producing,1991,218.6
Services-producing,1992,220
Services-producing,1993,222.8
Services-producing,1994,223.2
Services-producing,1995,229.6
Services-producing,1996,231
Services-producing,1997,233.6
Services-producing,1998,237.6
Services-producing,1999,245.9
Services-producing,2000,249
Services-producing,2001,251.2
Services-producing,2002,264.5
Services-producing,2003,263
Services-producing,2004,266.6
Services-producing,2005,271.7
Services-producing,2006,273.7
Services-producing,2007,275.9
Services-producing,2008,281.8
Services-producing,2009,281.5
Services-producing,2010,278
Services-producing,2011,274.6
Services-producing,2012,277.9
Services-producing,2013,278.7
Services-producing,2014,279.9
Services-producing,2015,281.4
Services-producing,2016,283.5
Services-producing,2017,287
Services-producing,2018,287.2
Services-producing,2019,286.8
Services-producing,2020,279.1
Services-producing,2021,292.2
Services-producing,2022,298
Services-producing,2023,309.4
,,
Wholesale and retail trade,1976,39.6
Wholesale and retail trade,1977,41.2
Wholesale and retail trade,1978,41.7
Wholesale and retail trade,1979,46.3
Wholesale and retail trade,1980,44.2
Wholesale and retail trade,1981,45.8
Wholesale and retail trade,1982,41.9
Wholesale and retail trade,1983,44.4
Wholesale and retail trade,1984,44.8
Wholesale and retail trade,1985,46.1
Wholesale and retail trade,1986,48.3
Wholesale and retail trade,1987,48
Wholesale and retail trade,1988,49.5
Wholesale and retail trade,1989,52.4
Wholesale and retail trade,1990,54.4
Wholesale and retail trade,1991,52.5
Wholesale and retail trade,1992,52.8
Wholesale and retail trade,1993,52
Wholesale and retail trade,1994,50.2
Wholesale and retail trade,1995,51.1
Wholesale and retail trade,1996,51.5
Wholesale and retail trade,1997,52.3
Wholesale and retail trade,1998,52.1
Wholesale and retail trade,1999,54.6
Wholesale and retail trade,2000,55.9
Wholesale and retail trade,2001,55.1
Wholesale and retail trade,2002,54.1
Wholesale and retail trade,2003,53.2
Wholesale and retail trade,2004,54.6
Wholesale and retail trade,2005,57.8
Wholesale and retail trade,2006,56.2
Wholesale and retail trade,2007,55.8
Wholesale and retail trade,2008,57.8
Wholesale and retail trade,2009,55.7
Wholesale and retail trade,2010,55
Wholesale and retail trade,2011,54.3
Wholesale and retail trade,2012,55.8
Wholesale and retail trade,2013,57.2
Wholesale and retail trade,2014,59
Wholesale and retail trade,2015,58.3
Wholesale and retail trade,2016,60.1
Wholesale and retail trade,2017,58.7
Wholesale and retail trade,2018,55.1
Wholesale and retail trade,2019,53.2
Wholesale and retail trade,2020,54.8
Wholesale and retail trade,2021,57.8
Wholesale and retail trade,2022,58.8
Wholesale and retail trade,2023,57.4
,,
Wholesale trade,1976,..
Wholesale trade,1977,..
Wholesale trade,1978,..
Wholesale trade,1979,..
Wholesale trade,1980,..
Wholesale trade,1981,..
Wholesale trade,1982,..
Wholesale trade,1983,..
Wholesale trade,1984,..
Wholesale trade,1985,..
Wholesale trade,1986,..
Wholesale trade,1987,8.4
Wholesale trade,1988,7.6
Wholesale trade,1989,8.9
Wholesale trade,1990,9.7
Wholesale trade,1991,10.3
Wholesale trade,1992,8.7
Wholesale trade,1993,10.1
Wholesale trade,1994,8.8
Wholesale trade,1995,8.6
Wholesale trade,1996,8.8
Wholesale trade,1997,9.3
Wholesale trade,1998,10.5
Wholesale trade,1999,11.9
Wholesale trade,2000,12.4
Wholesale trade,2001,10.5
Wholesale trade,2002,10.6
Wholesale trade,2003,10.5
Wholesale trade,2004,10.7
Wholesale trade,2005,12.3
Wholesale trade,2006,10.8
Wholesale trade,2007,11.5
Wholesale trade,2008,11.4
Wholesale trade,2009,11.2
Wholesale trade,2010,10.7
Wholesale trade,2011,11
Wholesale trade,2012,10.2
Wholesale trade,2013,11.5
Wholesale trade,2014,10
Wholesale trade,2015,10.3
Wholesale trade,2016,10.7
Wholesale trade,2017,11
Wholesale trade,2018,8.3
Wholesale trade,2019,9.1
Wholesale trade,2020,9.9
Wholesale trade,2021,10.2
Wholesale trade,2022,9.3
Wholesale trade,2023,10.6
,,
Retail trade,1976,..
Retail trade,1977,..
Retail trade,1978,..
Retail trade,1979,..
Retail trade,1980,..
Retail trade,1981,..
Retail trade,1982,..
Retail trade,1983,..
Retail trade,1984,..
Retail trade,1985,..
Retail trade,1986,..
Retail trade,1987,39.6
Retail trade,1988,41.8
Retail trade,1989,43.5
Retail trade,1990,44.7
Retail trade,1991,42.1
Retail trade,1992,44.1
Retail trade,1993,41.9
Retail trade,1994,41.4
Retail trade,1995,42.5
Retail trade,1996,42.7
Retail trade,1997,43
Retail trade,1998,41.6
Retail trade,1999,42.7
Retail trade,2000,43.6
Retail trade,2001,44.7
Retail trade,2002,43.4
Retail trade,2003,42.7
Retail trade,2004,43.9
Retail trade,2005,45.5
Retail trade,2006,45.4
Retail trade,2007,44.3
Retail trade,2008,46.4
Retail trade,2009,44.5
Retail trade,2010,44.4
Retail trade,2011,43.3
Retail trade,2012,45.6
Retail trade,2013,45.7
Retail trade,2014,49
Retail trade,2015,47.9
Retail trade,2016,49.4
Retail trade,2017,47.8
Retail trade,2018,46.9
Retail trade,2019,44.1
Retail trade,2020,44.9
Retail trade,2021,47.6
Retail trade,2022,49.5
Retail trade,2023,46.7
,,
Transportation and warehousing,1976,16.9
Transportation and warehousing,1977,16.4
Transportation and warehousing,1978,15.7
Transportation and warehousing,1979,15.8
Transportation and warehousing,1980,14.4
Transportation and warehousing,1981,15.8
Transportation and warehousing,1982,15.6
Transportation and warehousing,1983,15.3
Transportation and warehousing,1984,16
Transportation and warehousing,1985,16.3
Transportation and warehousing,1986,16.6
Transportation and warehousing,1987,15.8
Transportation and warehousing,1988,16.7
Transportation and warehousing,1989,16.1
Transportation and warehousing,1990,16.2
Transportation and warehousing,1991,16.5
Transportation and warehousing,1992,15.8
Transportation and warehousing,1993,15.6
Transportation and warehousing,1994,16.9
Transportation and warehousing,1995,17.3
Transportation and warehousing,1996,17.4
Transportation and warehousing,1997,18.3
Transportation and warehousing,1998,17.8
Transportation and warehousing,1999,19
Transportation and warehousing,2000,20.1
Transportation and warehousing,2001,19.1
Transportation and warehousing,2002,19.7
Transportation and warehousing,2003,18.9
Transportation and warehousing,2004,20
Transportation and warehousing,2005,20.8
Transportation and warehousing,2006,20.9
Transportation and warehousing,2007,20.2
Transportation and warehousing,2008,21.2
Transportation and warehousing,2009,19.4
Transportation and warehousing,2010,18.6
Transportation and warehousing,2011,18.6
Transportation and warehousing,2012,18.2
Transportation and warehousing,2013,18.4
Transportation and warehousing,2014,16.2
Transportation and warehousing,2015,18.8
Transportation and warehousing,2016,18.9
Transportation and warehousing,2017,18.4
Transportation and warehousing,2018,18.3
Transportation and warehousing,2019,18.6
Transportation and warehousing,2020,16.8
Transportation and warehousing,2021,19.4
Transportation and warehousing,2022,18.3
Transportation and warehousing,2023,18.8
,,
"Finance, insurance, real estate, rental and leasing",1976,9.9
"Finance, insurance, real estate, rental and leasing",1977,10.7
"Finance, insurance, real estate, rental and leasing",1978,10.2
"Finance, insurance, real estate, rental and leasing",1979,10.4
"Finance, insurance, real estate, rental and leasing",1980,12.8
"Finance, insurance, real estate, rental and leasing",1981,11.6
"Finance, insurance, real estate, rental and leasing",1982,10.1
"Finance, insurance, real estate, rental and leasing",1983,10.3
"Finance, insurance, real estate, rental and leasing",1984,10.8
"Finance, insurance, real estate, rental and leasing",1985,11.5
"Finance, insurance, real estate, rental and leasing",1986,12.2
"Finance, insurance, real estate, rental and leasing",1987,13.7
"Finance, insurance, real estate, rental and leasing",1988,13.7
"Finance, insurance, real estate, rental and leasing",1989,14
"Finance, insurance, real estate, rental and leasing",1990,12.8
"Finance, insurance, real estate, rental and leasing",1991,12.9
"Finance, insurance, real estate, rental and leasing",1992,13.4
"Finance, insurance, real estate, rental and leasing",1993,13.8
"Finance, insurance, real estate, rental and leasing",1994,14.3
"Finance, insurance, real estate, rental and leasing",1995,14.5
"Finance, insurance, real estate, rental and leasing",1996,14.7
"Finance, insurance, real estate, rental and leasing",1997,13.9
"Finance, insurance, real estate, rental and leasing",1998,13.7
"Finance, insurance, real estate, rental and leasing",1999,13.8
"Finance, insurance, real estate, rental and leasing",2000,12.7
"Finance, insurance, real estate, rental and leasing",2001,13.4
"Finance, insurance, real estate, rental and leasing",2002,15.3
"Finance, insurance, real estate, rental and leasing",2003,15.2
"Finance, insurance, real estate, rental and leasing",2004,14.2
"Finance, insurance, real estate, rental and leasing",2005,13.5
"Finance, insurance, real estate, rental and leasing",2006,15.3
"Finance, insurance, real estate, rental and leasing",2007,16.3
"Finance, insurance, real estate, rental and leasing",2008,15.9
"Finance, insurance, real estate, rental and leasing",2009,16
"Finance, insurance, real estate, rental and leasing",2010,15.6
"Finance, insurance, real estate, rental and leasing",2011,16.4
"Finance, insurance, real estate, rental and leasing",2012,16.6
"Finance, insurance, real estate, rental and leasing",2013,16
"Finance, insurance, real estate, rental and leasing",2014,15.3
"Finance, insurance, real estate, rental and leasing",2015,15.5
"Finance, insurance, real estate, rental and leasing",2016,17.5
"Finance, insurance, real estate, rental and leasing",2017,18.1
"Finance, insurance, real estate, rental and leasing",2018,18
"Finance, insurance, real estate, rental and leasing",2019,18.3
"Finance, insurance, real estate, rental and leasing",2020,17.8
"Finance, insurance, real estate, rental and leasing",2021,19.2
"Finance, insurance, real estate, rental and leasing",2022,18.6
"Finance, insurance, real estate, rental and leasing",2023,20.1
,,
Finance and insurance,1976,..
Finance and insurance,1977,..
Finance and insurance,1978,..
Finance and insurance,1979,..
Finance and insurance,1980,..
Finance and insurance,1981,..
Finance and insurance,1982,..
Finance and insurance,1983,..
Finance and insurance,1984,..
Finance and insurance,1985,..
Finance and insurance,1986,..
Finance and insurance,1987,9.9
Finance and insurance,1988,10.2
Finance and insurance,1989,10.4
Finance and insurance,1990,9.1
Finance and insurance,1991,9.8
Finance and insurance,1992,9.9
Finance and insurance,1993,9.9
Finance and insurance,1994,11.1
Finance and insurance,1995,10
Finance and insurance,1996,10.3
Finance and insurance,1997,10.5
Finance and insurance,1998,10
Finance and insurance,1999,10.3
Finance and insurance,2000,9.6
Finance and insurance,2001,9.1
Finance and insurance,2002,10.9
Finance and insurance,2003,9.8
Finance and insurance,2004,10
Finance and insurance,2005,9.6
Finance and insurance,2006,11
Finance and insurance,2007,11.6
Finance and insurance,2008,12
Finance and insurance,2009,12
Finance and insurance,2010,11.4
Finance and insurance,2011,12.2
Finance and insurance,2012,11.8
Finance and insurance,2013,11.1
Finance and insurance,2014,11.5
Finance and insurance,2015,12.3
Finance and insurance,2016,13.3
Finance and insurance,2017,13.5
Finance and insurance,2018,13.1
Finance and insurance,2019,13.1
Finance and insurance,2020,13.6
Finance and insurance,2021,14.5
Finance and insurance,2022,15
Finance and insurance,2023,15.6
,,
Real estate and rental and leasing,1976,..
Real estate and rental and leasing,1977,..
Real estate and rental and leasing,1978,..
Real estate and rental and leasing,1979,..
Real estate and rental and leasing,1980,..
Real estate and rental and leasing,1981,..
Real estate and rental and leasing,1982,..
Real estate and rental and leasing,1983,..
Real estate and rental and leasing,1984,..
Real estate and rental and leasing,1985,..
Real estate and rental and leasing,1986,..
Real estate and rental and leasing,1987,3.9
Real estate and rental and leasing,1988,3.5
Real estate and rental and leasing,1989,3.6
Real estate and rental and leasing,1990,3.8
Real estate and rental and leasing,1991,3.1
Real estate and rental and leasing,1992,3.5
Real estate and rental and leasing,1993,3.8
Real estate and rental and leasing,1994,3.2
Real estate and rental and leasing,1995,4.5
Real estate and rental and leasing,1996,4.4
Real estate and rental and leasing,1997,3.4
Real estate and rental and leasing,1998,3.7
Real estate and rental and leasing,1999,3.5
Real estate and rental and leasing,2000,3.1
Real estate and rental and leasing,2001,4.3
Real estate and rental and leasing,2002,4.4
Real estate and rental and leasing,2003,5.4
Real estate and rental and leasing,2004,4.2
Real estate and rental and leasing,2005,3.9
Real estate and rental and leasing,2006,4.2
Real estate and rental and leasing,2007,4.7
Real estate and rental and leasing,2008,3.9
Real estate and rental and leasing,2009,4
Real estate and rental and leasing,2010,4.2
Real estate and rental and leasing,2011,4.2
Real estate and rental and leasing,2012,4.8
Real estate and rental and leasing,2013,4.8
Real estate and rental and leasing,2014,3.8
Real estate and rental and leasing,2015,3.2
Real estate and rental and leasing,2016,4.3
Real estate and rental and leasing,2017,4.6
Real estate and rental and leasing,2018,4.9
Real estate and rental and leasing,2019,5.2
Real estate and rental and leasing,2020,4.3
Real estate and rental and leasing,2021,4.8
Real estate and rental and leasing,2022,3.6
Real estate and rental and leasing,2023,4.5
,,
"Professional, scientific and technical services",1976,4.5
"Professional, scientific and technical services",1977,3.3
"Professional, scientific and technical services",1978,3.7
"Professional, scientific and technical services",1979,5
"Professional, scientific and technical services",1980,5.5
"Professional, scientific and technical services",1981,5.1
"Professional, scientific and technical services",1982,4.8
"Professional, scientific and technical services",1983,4.9
"Professional, scientific and technical services",1984,6.1
"Professional, scientific and technical services",1985,6.3
"Professional, scientific and technical services",1986,6
"Professional, scientific and technical services",1987,6
"Professional, scientific and technical services",1988,7.1
"Professional, scientific and technical services",1989,7.2
"Professional, scientific and technical services",1990,8
"Professional, scientific and technical services",1991,8.5
"Professional, scientific and technical services",1992,8
"Professional, scientific and technical services",1993,8
"Professional, scientific and technical services",1994,7.8
"Professional, scientific and technical services",1995,8.2
"Professional, scientific and technical services",1996,9.1
"Professional, scientific and technical services",1997,10.8
"Professional, scientific and technical services",1998,10.9
"Professional, scientific and technical services",1999,10.6
"Professional, scientific and technical services",2000,11
"Professional, scientific and technical services",2001,12.9
"Professional, scientific and technical services",2002,14.8
"Professional, scientific and technical services",2003,15.9
"Professional, scientific and technical services",2004,16.4
"Professional, scientific and technical services",2005,15.1
"Professional, scientific and technical services",2006,14.9
"Professional, scientific and technical services",2007,15.6
"Professional, scientific and technical services",2008,16.2
"Professional, scientific and technical services",2009,16.1
"Professional, scientific and technical services",2010,15.6
"Professional, scientific and technical services",2011,15.7
"Professional, scientific and technical services",2012,14.9
"Professional, scientific and technical services",2013,14.3
"Professional, scientific and technical services",2014,17.1
"Professional, scientific and technical services",2015,17
"Professional, scientific and technical services",2016,15.4
"Professional, scientific and technical services",2017,15.9
"Professional, scientific and technical services",2018,16.7
"Professional, scientific and technical services",2019,17.8
"Professional, scientific and technical services",2020,17.5
"Professional, scientific and technical services",2021,18.4
"Professional, scientific and technical services",2022,22
"Professional, scientific and technical services",2023,23.8
,,
"Business, building and other support services ",1976,2.7
"Business, building and other support services ",1977,2.8
"Business, building and other support services ",1978,3
"Business, building and other support services ",1979,3.9
"Business, building and other support services ",1980,4
"Business, building and other support services ",1981,3.8
"Business, building and other support services ",1982,4.4
"Business, building and other support services ",1983,4.1
"Business, building and other support services ",1984,4.2
"Business, building and other support services ",1985,4.7
"Business, building and other support services ",1986,5.1
"Business, building and other support services ",1987,5.3
"Business, building and other support services ",1988,4.5
"Business, building and other support services ",1989,5.3
"Business, building and other support services ",1990,5.9
"Business, building and other support services ",1991,6.2
"Business, building and other support services ",1992,6.9
"Business, building and other support services ",1993,7.9
"Business, building and other support services ",1994,7.9
"Business, building and other support services ",1995,7.6
"Business, building and other support services ",1996,9
"Business, building and other support services ",1997,9.5
"Business, building and other support services ",1998,9.7
"Business, building and other support services ",1999,10.9
"Business, building and other support services ",2000,12.3
"Business, building and other support services ",2001,15.5
"Business, building and other support services ",2002,19.6
"Business, building and other support services ",2003,21.7
"Business, building and other support services ",2004,21.2
"Business, building and other support services ",2005,20.4
"Business, building and other support services ",2006,22.3
"Business, building and other support services ",2007,20.9
"Business, building and other support services ",2008,19.8
"Business, building and other support services ",2009,20.8
"Business, building and other support services ",2010,18.7
"Business, building and other support services ",2011,17.9
"Business, building and other support services ",2012,17.2
"Business, building and other support services ",2013,17.7
"Business, building and other support services ",2014,20
"Business, building and other support services ",2015,18.2
"Business, building and other support services ",2016,15.8
"Business, building and other support services ",2017,16.7
"Business, building and other support services ",2018,16.6
"Business, building and other support services ",2019,16
"Business, building and other support services ",2020,15.1
"Business, building and other support services ",2021,14.9
"Business, building and other support services ",2022,13.1
"Business, building and other support services ",2023,11.9
,,
Educational services,1976,16.1
Educational services,1977,17.5
Educational services,1978,18.6
Educational services,1979,18.1
Educational services,1980,18.6
Educational services,1981,18.8
Educational services,1982,18.5
Educational services,1983,18.6
Educational services,1984,18.4
Educational services,1985,18.8
Educational services,1986,19.7
Educational services,1987,20.8
Educational services,1988,21
Educational services,1989,21.8
Educational services,1990,21.5
Educational services,1991,21.2
Educational services,1992,21.4
Educational services,1993,22.9
Educational services,1994,21.7
Educational services,1995,22
Educational services,1996,21.6
Educational services,1997,21.9
Educational services,1998,22.3
Educational services,1999,22.2
Educational services,2000,22.7
Educational services,2001,22.3
Educational services,2002,22
Educational services,2003,21.9
Educational services,2004,24.2
Educational services,2005,25.9
Educational services,2006,26.9
Educational services,2007,27.1
Educational services,2008,26
Educational services,2009,27.1
Educational services,2010,25.9
Educational services,2011,24.1
Educational services,2012,26.3
Educational services,2013,25.7
Educational services,2014,25.1
Educational services,2015,26.8
Educational services,2016,26.3
Educational services,2017,26.6
Educational services,2018,26.9
Educational services,2019,27.2
Educational services,2020,27.6
Educational services,2021,28.7
Educational services,2022,31.2
Educational services,2023,30.6
,,
Health care and social assistance,1976,18.9
Health care and social assistance,1977,19.3
Health care and social assistance,1978,22.4
Health care and social assistance,1979,23.5
Health care and social assistance,1980,23.8
Health care and social assistance,1981,22.7
Health care and social assistance,1982,24.7
Health care and social assistance,1983,26.4
Health care and social assistance,1984,26.6
Health care and social assistance,1985,27.7
Health care and social assistance,1986,30.3
Health care and social assistance,1987,32.3
Health care and social assistance,1988,33.1
Health care and social assistance,1989,33.1
Health care and social assistance,1990,33.7
Health care and social assistance,1991,34.9
Health care and social assistance,1992,35.4
Health care and social assistance,1993,35.1
Health care and social assistance,1994,34.3
Health care and social assistance,1995,37
Health care and social assistance,1996,37.4
Health care and social assistance,1997,36.6
Health care and social assistance,1998,39.3
Health care and social assistance,1999,38.4
Health care and social assistance,2000,40.4
Health care and social assistance,2001,40.7
Health care and social assistance,2002,43.1
Health care and social assistance,2003,45
Health care and social assistance,2004,47.5
Health care and social assistance,2005,46.3
Health care and social assistance,2006,43.7
Health care and social assistance,2007,46.7
Health care and social assistance,2008,51
Health care and social assistance,2009,51.5
Health care and social assistance,2010,52.9
Health care and social assistance,2011,51.5
Health care and social assistance,2012,52.8
Health care and social assistance,2013,54
Health care and social assistance,2014,53.1
Health care and social assistance,2015,51.9
Health care and social assistance,2016,53.6
Health care and social assistance,2017,57.7
Health care and social assistance,2018,58.6
Health care and social assistance,2019,58.8
Health care and social assistance,2020,57
Health care and social assistance,2021,56.7
Health care and social assistance,2022,57.4
Health care and social assistance,2023,62.1
,,
"Information, culture and recreation",1976,7
"Information, culture and recreation",1977,8.1
"Information, culture and recreation",1978,8.9
"Information, culture and recreation",1979,8.4
"Information, culture and recreation",1980,8.6
"Information, culture and recreation",1981,8.6
"Information, culture and recreation",1982,8.4
"Information, culture and recreation",1983,8.5
"Information, culture and recreation",1984,8.4
"Information, culture and recreation",1985,8.2
"Information, culture and recreation",1986,8.1
"Information, culture and recreation",1987,9.1
"Information, culture and recreation",1988,8.8
"Information, culture and recreation",1989,9.2
"Information, culture and recreation",1990,10.3
"Information, culture and recreation",1991,10.1
"Information, culture and recreation",1992,10.2
"Information, culture and recreation",1993,9.6
"Information, culture and recreation",1994,10.3
"Information, culture and recreation",1995,10.8
"Information, culture and recreation",1996,10.5
"Information, culture and recreation",1997,10.5
"Information, culture and recreation",1998,10.8
"Information, culture and recreation",1999,13.3
"Information, culture and recreation",2000,12.5
"Information, culture and recreation",2001,11.9
"Information, culture and recreation",2002,12.8
"Information, culture and recreation",2003,12
"Information, culture and recreation",2004,11.2
"Information, culture and recreation",2005,12.6
"Information, culture and recreation",2006,11.4
"Information, culture and recreation",2007,12.6
"Information, culture and recreation",2008,11.6
"Information, culture and recreation",2009,11.2
"Information, culture and recreation",2010,11.6
"Information, culture and recreation",2011,12.1
"Information, culture and recreation",2012,12.8
"Information, culture and recreation",2013,12.6
"Information, culture and recreation",2014,11.5
"Information, culture and recreation",2015,11.6
"Information, culture and recreation",2016,12.9
"Information, culture and recreation",2017,10.8
"Information, culture and recreation",2018,11.6
"Information, culture and recreation",2019,13.3
"Information, culture and recreation",2020,10.7
"Information, culture and recreation",2021,9.8
"Information, culture and recreation",2022,10.2
"Information, culture and recreation",2023,11.6
,,
Accommodation and food services,1976,8.5
Accommodation and food services,1977,9.4
Accommodation and food services,1978,10.9
Accommodation and food services,1979,11.6
Accommodation and food services,1980,12.4
Accommodation and food services,1981,12.5
Accommodation and food services,1982,12.9
Accommodation and food services,1983,13.2
Accommodation and food services,1984,14.3
Accommodation and food services,1985,14.1
Accommodation and food services,1986,14.8
Accommodation and food services,1987,17
Accommodation and food services,1988,18
Accommodation and food services,1989,18.1
Accommodation and food services,1990,17.4
Accommodation and food services,1991,16.8
Accommodation and food services,1992,17.7
Accommodation and food services,1993,17.5
Accommodation and food services,1994,18.9
Accommodation and food services,1995,20.8
Accommodation and food services,1996,20
Accommodation and food services,1997,18.9
Accommodation and food services,1998,19.5
Accommodation and food services,1999,21.1
Accommodation and food services,2000,21.9
Accommodation and food services,2001,23.1
Accommodation and food services,2002,24.9
Accommodation and food services,2003,22.8
Accommodation and food services,2004,22
Accommodation and food services,2005,22
Accommodation and food services,2006,24.1
Accommodation and food services,2007,23.8
Accommodation and food services,2008,23.1
Accommodation and food services,2009,22.5
Accommodation and food services,2010,21
Accommodation and food services,2011,21.7
Accommodation and food services,2012,22.4
Accommodation and food services,2013,24.1
Accommodation and food services,2014,23.5
Accommodation and food services,2015,24.1
Accommodation and food services,2016,22.5
Accommodation and food services,2017,24.5
Accommodation and food services,2018,24.8
Accommodation and food services,2019,23.7
Accommodation and food services,2020,20.4
Accommodation and food services,2021,20.7
Accommodation and food services,2022,20.1
Accommodation and food services,2023,21.2
,,
Other services (except public administration),1976,11.5
Other services (except public administration),1977,10.7
Other services (except public administration),1978,12.7
Other services (except public administration),1979,12.6
Other services (except public administration),1980,13.7
Other services (except public administration),1981,14.9
Other services (except public administration),1982,15.2
Other services (except public administration),1983,16
Other services (except public administration),1984,14.3
Other services (except public administration),1985,14.8
Other services (except public administration),1986,14.9
Other services (except public administration),1987,15.5
Other services (except public administration),1988,15.3
Other services (except public administration),1989,16.3
Other services (except public administration),1990,17
Other services (except public administration),1991,16.9
Other services (except public administration),1992,14.8
Other services (except public administration),1993,16.3
Other services (except public administration),1994,17.7
Other services (except public administration),1995,17.4
Other services (except public administration),1996,17.5
Other services (except public administration),1997,18.5
Other services (except public administration),1998,18.5
Other services (except public administration),1999,19.3
Other services (except public administration),2000,16.8
Other services (except public administration),2001,15.2
Other services (except public administration),2002,17
Other services (except public administration),2003,16.7
Other services (except public administration),2004,17.1
Other services (except public administration),2005,16.3
Other services (except public administration),2006,16.5
Other services (except public administration),2007,16
Other services (except public administration),2008,15.8
Other services (except public administration),2009,15.3
Other services (except public administration),2010,16.8
Other services (except public administration),2011,17.1
Other services (except public administration),2012,17
Other services (except public administration),2013,16.1
Other services (except public administration),2014,16.3
Other services (except public administration),2015,15.3
Other services (except public administration),2016,16.2
Other services (except public administration),2017,15.5
Other services (except public administration),2018,14.9
Other services (except public administration),2019,14.3
Other services (except public administration),2020,14.2
Other services (except public administration),2021,15.9
Other services (except public administration),2022,15.6
Other services (except public administration),2023,16.1
,,
Public administration,1976,19.6
Public administration,1977,17.1
Public administration,1978,16.7
Public administration,1979,18.9
Public administration,1980,21
Public administration,1981,21.3
Public administration,1982,20.9
Public administration,1983,20.6
Public administration,1984,21.2
Public administration,1985,22
Public administration,1986,22
Public administration,1987,22.2
Public administration,1988,23.1
Public administration,1989,23.4
Public administration,1990,22.5
Public administration,1991,22.2
Public administration,1992,23.5
Public administration,1993,24.1
Public administration,1994,23.2
Public administration,1995,22.9
Public administration,1996,22.1
Public administration,1997,22.3
Public administration,1998,22.9
Public administration,1999,22.8
Public administration,2000,22.6
Public administration,2001,22
Public administration,2002,21.3
Public administration,2003,19.7
Public administration,2004,18.3
Public administration,2005,20.9
Public administration,2006,21.6
Public administration,2007,21
Public administration,2008,23.3
Public administration,2009,25.8
Public administration,2010,26.1
Public administration,2011,25.2
Public administration,2012,23.8
Public administration,2013,22.8
Public administration,2014,22.8
Public administration,2015,24.1
Public administration,2016,24.3
Public administration,2017,24.2
Public administration,2018,25.7
Public administration,2019,25.6
Public administration,2020,27.2
Public administration,2021,30.6
Public administration,2022,32.8
Public administration,2023,35.9
