Month,Year,Month_Num,Predicted Prices,Location
2024-04-30,2024,4,133.0,"Calgary, Alberta "
2024-05-30,2024,5,133.3,"Calgary, Alberta "
2024-06-30,2024,6,133.6,"Calgary, Alberta "
2024-07-30,2024,7,134.0,"Calgary, Alberta "
2024-08-30,2024,8,134.3,"Calgary, Alberta "
2024-09-30,2024,9,134.6,"Calgary, Alberta "
2024-10-30,2024,10,135.0,"Calgary, Alberta "
2024-11-30,2024,11,135.3,"Calgary, Alberta "
2024-12-30,2024,12,135.6,"Calgary, Alberta "
2025-01-30,2025,1,134.7,"Calgary, Alberta "
2025-03-02,2025,3,135.4,"Calgary, Alberta "
2025-03-30,2025,3,135.4,"Calgary, Alberta "
2025-04-30,2025,4,135.7,"Calgary, Alberta "
2025-05-30,2025,5,136.1,"Calgary, Alberta "
2025-06-30,2025,6,136.4,"Calgary, Alberta "
2025-07-30,2025,7,136.7,"Calgary, Alberta "
2025-08-30,2025,8,137.1,"Calgary, Alberta "
2025-09-30,2025,9,137.4,"Calgary, Alberta "
2025-10-30,2025,10,137.7,"Calgary, Alberta "
2025-11-30,2025,11,138.1,"Calgary, Alberta "
2025-12-30,2025,12,138.4,"Calgary, Alberta "
2026-01-30,2026,1,137.5,"Calgary, Alberta "
2026-03-02,2026,3,138.2,"Calgary, Alberta "
2026-03-30,2026,3,138.2,"Calgary, Alberta "
2026-04-30,2026,4,138.5,"Calgary, Alberta "
2026-05-30,2026,5,138.9,"Calgary, Alberta "
2026-06-30,2026,6,139.2,"Calgary, Alberta "
2026-07-30,2026,7,139.5,"Calgary, Alberta "
2026-08-30,2026,8,139.9,"Calgary, Alberta "
2026-09-30,2026,9,140.2,"Calgary, Alberta "
2026-10-30,2026,10,140.5,"Calgary, Alberta "
2026-11-30,2026,11,140.9,"Calgary, Alberta "
2026-12-30,2026,12,141.2,"Calgary, Alberta "
2027-01-30,2027,1,140.3,"Calgary, Alberta "
2027-03-02,2027,3,141.0,"Calgary, Alberta "
2027-03-30,2027,3,141.0,"Calgary, Alberta "
2027-04-30,2027,4,141.3,"Calgary, Alberta "
2027-05-30,2027,5,141.6,"Calgary, Alberta "
2027-06-30,2027,6,142.0,"Calgary, Alberta "
2027-07-30,2027,7,142.3,"Calgary, Alberta "
2027-08-30,2027,8,142.6,"Calgary, Alberta "
2027-09-30,2027,9,143.0,"Calgary, Alberta "
2027-10-30,2027,10,143.3,"Calgary, Alberta "
2027-11-30,2027,11,143.6,"Calgary, Alberta "
2027-12-30,2027,12,144.0,"Calgary, Alberta "
2028-01-30,2028,1,143.1,"Calgary, Alberta "
2028-03-01,2028,3,143.8,"Calgary, Alberta "
2028-03-30,2028,3,143.8,"Calgary, Alberta "
2028-04-30,2028,4,144.1,"Calgary, Alberta "
2028-05-30,2028,5,144.4,"Calgary, Alberta "
2028-06-30,2028,6,144.8,"Calgary, Alberta "
2028-07-30,2028,7,145.1,"Calgary, Alberta "
2028-08-30,2028,8,145.4,"Calgary, Alberta "
2028-09-30,2028,9,145.8,"Calgary, Alberta "
2028-10-30,2028,10,146.1,"Calgary, Alberta "
2028-11-30,2028,11,146.4,"Calgary, Alberta "
2028-12-30,2028,12,146.8,"Calgary, Alberta "
2029-01-30,2029,1,145.9,"Calgary, Alberta "
2029-03-02,2029,3,146.6,"Calgary, Alberta "
2029-03-30,2029,3,146.6,"Calgary, Alberta "
2024-04-30,2024,4,144.5,"Charlottetown and Summerside, Prince Edward Island"
2024-05-30,2024,5,144.7,"Charlottetown and Summerside, Prince Edward Island"
2024-06-30,2024,6,145.0,"Charlottetown and Summerside, Prince Edward Island"
2024-07-30,2024,7,145.2,"Charlottetown and Summerside, Prince Edward Island"
2024-08-30,2024,8,145.5,"Charlottetown and Summerside, Prince Edward Island"
2024-09-30,2024,9,145.7,"Charlottetown and Summerside, Prince Edward Island"
2024-10-30,2024,10,146.0,"Charlottetown and Summerside, Prince Edward Island"
2024-11-30,2024,11,146.3,"Charlottetown and Summerside, Prince Edward Island"
2024-12-30,2024,12,146.5,"Charlottetown and Summerside, Prince Edward Island"
2025-01-30,2025,1,146.6,"Charlottetown and Summerside, Prince Edward Island"
2025-03-02,2025,3,147.1,"Charlottetown and Summerside, Prince Edward Island"
2025-03-30,2025,3,147.1,"Charlottetown and Summerside, Prince Edward Island"
2025-04-30,2025,4,147.4,"Charlottetown and Summerside, Prince Edward Island"
2025-05-30,2025,5,147.6,"Charlottetown and Summerside, Prince Edward Island"
2025-06-30,2025,6,147.9,"Charlottetown and Summerside, Prince Edward Island"
2025-07-30,2025,7,148.2,"Charlottetown and Summerside, Prince Edward Island"
2025-08-30,2025,8,148.4,"Charlottetown and Summerside, Prince Edward Island"
2025-09-30,2025,9,148.7,"Charlottetown and Summerside, Prince Edward Island"
2025-10-30,2025,10,148.9,"Charlottetown and Summerside, Prince Edward Island"
2025-11-30,2025,11,149.2,"Charlottetown and Summerside, Prince Edward Island"
2025-12-30,2025,12,149.4,"Charlottetown and Summerside, Prince Edward Island"
2026-01-30,2026,1,149.6,"Charlottetown and Summerside, Prince Edward Island"
2026-03-02,2026,3,150.1,"Charlottetown and Summerside, Prince Edward Island"
2026-03-30,2026,3,150.1,"Charlottetown and Summerside, Prince Edward Island"
2026-04-30,2026,4,150.3,"Charlottetown and Summerside, Prince Edward Island"
2026-05-30,2026,5,150.6,"Charlottetown and Summerside, Prince Edward Island"
2026-06-30,2026,6,150.8,"Charlottetown and Summerside, Prince Edward Island"
2026-07-30,2026,7,151.1,"Charlottetown and Summerside, Prince Edward Island"
2026-08-30,2026,8,151.3,"Charlottetown and Summerside, Prince Edward Island"
2026-09-30,2026,9,151.6,"Charlottetown and Summerside, Prince Edward Island"
2026-10-30,2026,10,151.9,"Charlottetown and Summerside, Prince Edward Island"
2026-11-30,2026,11,152.1,"Charlottetown and Summerside, Prince Edward Island"
2026-12-30,2026,12,152.4,"Charlottetown and Summerside, Prince Edward Island"
2027-01-30,2027,1,152.5,"Charlottetown and Summerside, Prince Edward Island"
2027-03-02,2027,3,153.0,"Charlottetown and Summerside, Prince Edward Island"
2027-03-30,2027,3,153.0,"Charlottetown and Summerside, Prince Edward Island"
2027-04-30,2027,4,153.3,"Charlottetown and Summerside, Prince Edward Island"
2027-05-30,2027,5,153.5,"Charlottetown and Summerside, Prince Edward Island"
2027-06-30,2027,6,153.8,"Charlottetown and Summerside, Prince Edward Island"
2027-07-30,2027,7,154.0,"Charlottetown and Summerside, Prince Edward Island"
2027-08-30,2027,8,154.3,"Charlottetown and Summerside, Prince Edward Island"
2027-09-30,2027,9,154.5,"Charlottetown and Summerside, Prince Edward Island"
2027-10-30,2027,10,154.8,"Charlottetown and Summerside, Prince Edward Island"
2027-11-30,2027,11,155.1,"Charlottetown and Summerside, Prince Edward Island"
2027-12-30,2027,12,155.3,"Charlottetown and Summerside, Prince Edward Island"
2028-01-30,2028,1,155.4,"Charlottetown and Summerside, Prince Edward Island"
2028-03-01,2028,3,155.9,"Charlottetown and Summerside, Prince Edward Island"
2028-03-30,2028,3,155.9,"Charlottetown and Summerside, Prince Edward Island"
2028-04-30,2028,4,156.2,"Charlottetown and Summerside, Prince Edward Island"
2028-05-30,2028,5,156.4,"Charlottetown and Summerside, Prince Edward Island"
2028-06-30,2028,6,156.7,"Charlottetown and Summerside, Prince Edward Island"
2028-07-30,2028,7,157.0,"Charlottetown and Summerside, Prince Edward Island"
2028-08-30,2028,8,157.2,"Charlottetown and Summerside, Prince Edward Island"
2028-09-30,2028,9,157.5,"Charlottetown and Summerside, Prince Edward Island"
2028-10-30,2028,10,157.7,"Charlottetown and Summerside, Prince Edward Island"
2028-11-30,2028,11,158.0,"Charlottetown and Summerside, Prince Edward Island"
2028-12-30,2028,12,158.2,"Charlottetown and Summerside, Prince Edward Island"
2029-01-30,2029,1,158.4,"Charlottetown and Summerside, Prince Edward Island"
2029-03-02,2029,3,158.9,"Charlottetown and Summerside, Prince Edward Island"
2029-03-30,2029,3,158.9,"Charlottetown and Summerside, Prince Edward Island"
2024-04-30,2024,4,128.7,"Edmonton, Alberta "
2024-05-30,2024,5,128.9,"Edmonton, Alberta "
2024-06-30,2024,6,129.2,"Edmonton, Alberta "
2024-07-30,2024,7,129.5,"Edmonton, Alberta "
2024-08-30,2024,8,129.8,"Edmonton, Alberta "
2024-09-30,2024,9,130.1,"Edmonton, Alberta "
2024-10-30,2024,10,130.4,"Edmonton, Alberta "
2024-11-30,2024,11,130.7,"Edmonton, Alberta "
2024-12-30,2024,12,131.0,"Edmonton, Alberta "
2025-01-30,2025,1,130.5,"Edmonton, Alberta "
2025-03-02,2025,3,131.0,"Edmonton, Alberta "
2025-03-30,2025,3,131.0,"Edmonton, Alberta "
2025-04-30,2025,4,131.3,"Edmonton, Alberta "
2025-05-30,2025,5,131.6,"Edmonton, Alberta "
2025-06-30,2025,6,131.9,"Edmonton, Alberta "
2025-07-30,2025,7,132.2,"Edmonton, Alberta "
2025-08-30,2025,8,132.5,"Edmonton, Alberta "
2025-09-30,2025,9,132.8,"Edmonton, Alberta "
2025-10-30,2025,10,133.1,"Edmonton, Alberta "
2025-11-30,2025,11,133.3,"Edmonton, Alberta "
2025-12-30,2025,12,133.6,"Edmonton, Alberta "
2026-01-30,2026,1,133.1,"Edmonton, Alberta "
2026-03-02,2026,3,133.7,"Edmonton, Alberta "
2026-03-30,2026,3,133.7,"Edmonton, Alberta "
2026-04-30,2026,4,134.0,"Edmonton, Alberta "
2026-05-30,2026,5,134.3,"Edmonton, Alberta "
2026-06-30,2026,6,134.6,"Edmonton, Alberta "
2026-07-30,2026,7,134.8,"Edmonton, Alberta "
2026-08-30,2026,8,135.1,"Edmonton, Alberta "
2026-09-30,2026,9,135.4,"Edmonton, Alberta "
2026-10-30,2026,10,135.7,"Edmonton, Alberta "
2026-11-30,2026,11,136.0,"Edmonton, Alberta "
2026-12-30,2026,12,136.3,"Edmonton, Alberta "
2027-01-30,2027,1,135.8,"Edmonton, Alberta "
2027-03-02,2027,3,136.4,"Edmonton, Alberta "
2027-03-30,2027,3,136.4,"Edmonton, Alberta "
2027-04-30,2027,4,136.6,"Edmonton, Alberta "
2027-05-30,2027,5,136.9,"Edmonton, Alberta "
2027-06-30,2027,6,137.2,"Edmonton, Alberta "
2027-07-30,2027,7,137.5,"Edmonton, Alberta "
2027-08-30,2027,8,137.8,"Edmonton, Alberta "
2027-09-30,2027,9,138.1,"Edmonton, Alberta "
2027-10-30,2027,10,138.4,"Edmonton, Alberta "
2027-11-30,2027,11,138.7,"Edmonton, Alberta "
2027-12-30,2027,12,139.0,"Edmonton, Alberta "
2028-01-30,2028,1,138.4,"Edmonton, Alberta "
2028-03-01,2028,3,139.0,"Edmonton, Alberta "
2028-03-30,2028,3,139.0,"Edmonton, Alberta "
2028-04-30,2028,4,139.3,"Edmonton, Alberta "
2028-05-30,2028,5,139.6,"Edmonton, Alberta "
2028-06-30,2028,6,139.9,"Edmonton, Alberta "
2028-07-30,2028,7,140.2,"Edmonton, Alberta "
2028-08-30,2028,8,140.5,"Edmonton, Alberta "
2028-09-30,2028,9,140.8,"Edmonton, Alberta "
2028-10-30,2028,10,141.0,"Edmonton, Alberta "
2028-11-30,2028,11,141.3,"Edmonton, Alberta "
2028-12-30,2028,12,141.6,"Edmonton, Alberta "
2029-01-30,2029,1,141.1,"Edmonton, Alberta "
2029-03-02,2029,3,141.7,"Edmonton, Alberta "
2029-03-30,2029,3,141.7,"Edmonton, Alberta "
2024-04-30,2024,4,146.2,"Halifax, Nova Scotia"
2024-05-30,2024,5,146.5,"Halifax, Nova Scotia"
2024-06-30,2024,6,146.7,"Halifax, Nova Scotia"
2024-07-30,2024,7,147.0,"Halifax, Nova Scotia"
2024-08-30,2024,8,147.2,"Halifax, Nova Scotia"
2024-09-30,2024,9,147.5,"Halifax, Nova Scotia"
2024-10-30,2024,10,147.7,"Halifax, Nova Scotia"
2024-11-30,2024,11,148.0,"Halifax, Nova Scotia"
2024-12-30,2024,12,148.2,"Halifax, Nova Scotia"
2025-01-30,2025,1,148.6,"Halifax, Nova Scotia"
2025-03-02,2025,3,149.1,"Halifax, Nova Scotia"
2025-03-30,2025,3,149.1,"Halifax, Nova Scotia"
2025-04-30,2025,4,149.3,"Halifax, Nova Scotia"
2025-05-30,2025,5,149.6,"Halifax, Nova Scotia"
2025-06-30,2025,6,149.8,"Halifax, Nova Scotia"
2025-07-30,2025,7,150.0,"Halifax, Nova Scotia"
2025-08-30,2025,8,150.3,"Halifax, Nova Scotia"
2025-09-30,2025,9,150.5,"Halifax, Nova Scotia"
2025-10-30,2025,10,150.8,"Halifax, Nova Scotia"
2025-11-30,2025,11,151.0,"Halifax, Nova Scotia"
2025-12-30,2025,12,151.3,"Halifax, Nova Scotia"
2026-01-30,2026,1,151.6,"Halifax, Nova Scotia"
2026-03-02,2026,3,152.1,"Halifax, Nova Scotia"
2026-03-30,2026,3,152.1,"Halifax, Nova Scotia"
2026-04-30,2026,4,152.4,"Halifax, Nova Scotia"
2026-05-30,2026,5,152.6,"Halifax, Nova Scotia"
2026-06-30,2026,6,152.9,"Halifax, Nova Scotia"
2026-07-30,2026,7,153.1,"Halifax, Nova Scotia"
2026-08-30,2026,8,153.3,"Halifax, Nova Scotia"
2026-09-30,2026,9,153.6,"Halifax, Nova Scotia"
2026-10-30,2026,10,153.8,"Halifax, Nova Scotia"
2026-11-30,2026,11,154.1,"Halifax, Nova Scotia"
2026-12-30,2026,12,154.3,"Halifax, Nova Scotia"
2027-01-30,2027,1,154.7,"Halifax, Nova Scotia"
2027-03-02,2027,3,155.2,"Halifax, Nova Scotia"
2027-03-30,2027,3,155.2,"Halifax, Nova Scotia"
2027-04-30,2027,4,155.4,"Halifax, Nova Scotia"
2027-05-30,2027,5,155.7,"Halifax, Nova Scotia"
2027-06-30,2027,6,155.9,"Halifax, Nova Scotia"
2027-07-30,2027,7,156.2,"Halifax, Nova Scotia"
2027-08-30,2027,8,156.4,"Halifax, Nova Scotia"
2027-09-30,2027,9,156.6,"Halifax, Nova Scotia"
2027-10-30,2027,10,156.9,"Halifax, Nova Scotia"
2027-11-30,2027,11,157.1,"Halifax, Nova Scotia"
2027-12-30,2027,12,157.4,"Halifax, Nova Scotia"
2028-01-30,2028,1,157.7,"Halifax, Nova Scotia"
2028-03-01,2028,3,158.2,"Halifax, Nova Scotia"
2028-03-30,2028,3,158.2,"Halifax, Nova Scotia"
2028-04-30,2028,4,158.5,"Halifax, Nova Scotia"
2028-05-30,2028,5,158.7,"Halifax, Nova Scotia"
2028-06-30,2028,6,159.0,"Halifax, Nova Scotia"
2028-07-30,2028,7,159.2,"Halifax, Nova Scotia"
2028-08-30,2028,8,159.5,"Halifax, Nova Scotia"
2028-09-30,2028,9,159.7,"Halifax, Nova Scotia"
2028-10-30,2028,10,160.0,"Halifax, Nova Scotia"
2028-11-30,2028,11,160.2,"Halifax, Nova Scotia"
2028-12-30,2028,12,160.4,"Halifax, Nova Scotia"
2029-01-30,2029,1,160.8,"Halifax, Nova Scotia"
2029-03-02,2029,3,161.3,"Halifax, Nova Scotia"
2029-03-30,2029,3,161.3,"Halifax, Nova Scotia"
2024-04-30,2024,4,153.3,"Montréal, Quebec"
2024-05-30,2024,5,153.4,"Montréal, Quebec"
2024-06-30,2024,6,153.5,"Montréal, Quebec"
2024-07-30,2024,7,153.7,"Montréal, Quebec"
2024-08-30,2024,8,153.8,"Montréal, Quebec"
2024-09-30,2024,9,154.0,"Montréal, Quebec"
2024-10-30,2024,10,154.1,"Montréal, Quebec"
2024-11-30,2024,11,154.2,"Montréal, Quebec"
2024-12-30,2024,12,154.4,"Montréal, Quebec"
2025-01-30,2025,1,156.0,"Montréal, Quebec"
2025-03-02,2025,3,156.3,"Montréal, Quebec"
2025-03-30,2025,3,156.3,"Montréal, Quebec"
2025-04-30,2025,4,156.4,"Montréal, Quebec"
2025-05-30,2025,5,156.6,"Montréal, Quebec"
2025-06-30,2025,6,156.7,"Montréal, Quebec"
2025-07-30,2025,7,156.8,"Montréal, Quebec"
2025-08-30,2025,8,157.0,"Montréal, Quebec"
2025-09-30,2025,9,157.1,"Montréal, Quebec"
2025-10-30,2025,10,157.3,"Montréal, Quebec"
2025-11-30,2025,11,157.4,"Montréal, Quebec"
2025-12-30,2025,12,157.5,"Montréal, Quebec"
2026-01-30,2026,1,159.2,"Montréal, Quebec"
2026-03-02,2026,3,159.4,"Montréal, Quebec"
2026-03-30,2026,3,159.4,"Montréal, Quebec"
2026-04-30,2026,4,159.6,"Montréal, Quebec"
2026-05-30,2026,5,159.7,"Montréal, Quebec"
2026-06-30,2026,6,159.9,"Montréal, Quebec"
2026-07-30,2026,7,160.0,"Montréal, Quebec"
2026-08-30,2026,8,160.1,"Montréal, Quebec"
2026-09-30,2026,9,160.3,"Montréal, Quebec"
2026-10-30,2026,10,160.4,"Montréal, Quebec"
2026-11-30,2026,11,160.6,"Montréal, Quebec"
2026-12-30,2026,12,160.7,"Montréal, Quebec"
2027-01-30,2027,1,162.3,"Montréal, Quebec"
2027-03-02,2027,3,162.6,"Montréal, Quebec"
2027-03-30,2027,3,162.6,"Montréal, Quebec"
2027-04-30,2027,4,162.7,"Montréal, Quebec"
2027-05-30,2027,5,162.9,"Montréal, Quebec"
2027-06-30,2027,6,163.0,"Montréal, Quebec"
2027-07-30,2027,7,163.2,"Montréal, Quebec"
2027-08-30,2027,8,163.3,"Montréal, Quebec"
2027-09-30,2027,9,163.4,"Montréal, Quebec"
2027-10-30,2027,10,163.6,"Montréal, Quebec"
2027-11-30,2027,11,163.7,"Montréal, Quebec"
2027-12-30,2027,12,163.9,"Montréal, Quebec"
2028-01-30,2028,1,165.5,"Montréal, Quebec"
2028-03-01,2028,3,165.8,"Montréal, Quebec"
2028-03-30,2028,3,165.8,"Montréal, Quebec"
2028-04-30,2028,4,165.9,"Montréal, Quebec"
2028-05-30,2028,5,166.0,"Montréal, Quebec"
2028-06-30,2028,6,166.2,"Montréal, Quebec"
2028-07-30,2028,7,166.3,"Montréal, Quebec"
2028-08-30,2028,8,166.5,"Montréal, Quebec"
2028-09-30,2028,9,166.6,"Montréal, Quebec"
2028-10-30,2028,10,166.7,"Montréal, Quebec"
2028-11-30,2028,11,166.9,"Montréal, Quebec"
2028-12-30,2028,12,167.0,"Montréal, Quebec"
2029-01-30,2029,1,168.6,"Montréal, Quebec"
2029-03-02,2029,3,168.9,"Montréal, Quebec"
2029-03-30,2029,3,168.9,"Montréal, Quebec"
2024-04-30,2024,4,141.4,"Ottawa-Gatineau, Ontario part, Ontario/Quebec "
2024-05-30,2024,5,141.5,"Ottawa-Gatineau, Ontario part, Ontario/Quebec "
2024-06-30,2024,6,141.7,"Ottawa-Gatineau, Ontario part, Ontario/Quebec "
2024-07-30,2024,7,141.9,"Ottawa-Gatineau, Ontario part, Ontario/Quebec "
2024-08-30,2024,8,142.1,"Ottawa-Gatineau, Ontario part, Ontario/Quebec "
2024-09-30,2024,9,142.3,"Ottawa-Gatineau, Ontario part, Ontario/Quebec "
2024-10-30,2024,10,142.5,"Ottawa-Gatineau, Ontario part, Ontario/Quebec "
2024-11-30,2024,11,142.6,"Ottawa-Gatineau, Ontario part, Ontario/Quebec "
2024-12-30,2024,12,142.8,"Ottawa-Gatineau, Ontario part, Ontario/Quebec "
2025-01-30,2025,1,143.7,"Ottawa-Gatineau, Ontario part, Ontario/Quebec "
2025-03-02,2025,3,144.1,"Ottawa-Gatineau, Ontario part, Ontario/Quebec "
2025-03-30,2025,3,144.1,"Ottawa-Gatineau, Ontario part, Ontario/Quebec "
2025-04-30,2025,4,144.3,"Ottawa-Gatineau, Ontario part, Ontario/Quebec "
2025-05-30,2025,5,144.5,"Ottawa-Gatineau, Ontario part, Ontario/Quebec "
2025-06-30,2025,6,144.7,"Ottawa-Gatineau, Ontario part, Ontario/Quebec "
2025-07-30,2025,7,144.8,"Ottawa-Gatineau, Ontario part, Ontario/Quebec "
2025-08-30,2025,8,145.0,"Ottawa-Gatineau, Ontario part, Ontario/Quebec "
2025-09-30,2025,9,145.2,"Ottawa-Gatineau, Ontario part, Ontario/Quebec "
2025-10-30,2025,10,145.4,"Ottawa-Gatineau, Ontario part, Ontario/Quebec "
2025-11-30,2025,11,145.6,"Ottawa-Gatineau, Ontario part, Ontario/Quebec "
2025-12-30,2025,12,145.7,"Ottawa-Gatineau, Ontario part, Ontario/Quebec "
2026-01-30,2026,1,146.7,"Ottawa-Gatineau, Ontario part, Ontario/Quebec "
2026-03-02,2026,3,147.0,"Ottawa-Gatineau, Ontario part, Ontario/Quebec "
2026-03-30,2026,3,147.0,"Ottawa-Gatineau, Ontario part, Ontario/Quebec "
2026-04-30,2026,4,147.2,"Ottawa-Gatineau, Ontario part, Ontario/Quebec "
2026-05-30,2026,5,147.4,"Ottawa-Gatineau, Ontario part, Ontario/Quebec "
2026-06-30,2026,6,147.6,"Ottawa-Gatineau, Ontario part, Ontario/Quebec "
2026-07-30,2026,7,147.8,"Ottawa-Gatineau, Ontario part, Ontario/Quebec "
2026-08-30,2026,8,148.0,"Ottawa-Gatineau, Ontario part, Ontario/Quebec "
2026-09-30,2026,9,148.1,"Ottawa-Gatineau, Ontario part, Ontario/Quebec "
2026-10-30,2026,10,148.3,"Ottawa-Gatineau, Ontario part, Ontario/Quebec "
2026-11-30,2026,11,148.5,"Ottawa-Gatineau, Ontario part, Ontario/Quebec "
2026-12-30,2026,12,148.7,"Ottawa-Gatineau, Ontario part, Ontario/Quebec "
2027-01-30,2027,1,149.6,"Ottawa-Gatineau, Ontario part, Ontario/Quebec "
2027-03-02,2027,3,150.0,"Ottawa-Gatineau, Ontario part, Ontario/Quebec "
2027-03-30,2027,3,150.0,"Ottawa-Gatineau, Ontario part, Ontario/Quebec "
2027-04-30,2027,4,150.2,"Ottawa-Gatineau, Ontario part, Ontario/Quebec "
2027-05-30,2027,5,150.3,"Ottawa-Gatineau, Ontario part, Ontario/Quebec "
2027-06-30,2027,6,150.5,"Ottawa-Gatineau, Ontario part, Ontario/Quebec "
2027-07-30,2027,7,150.7,"Ottawa-Gatineau, Ontario part, Ontario/Quebec "
2027-08-30,2027,8,150.9,"Ottawa-Gatineau, Ontario part, Ontario/Quebec "
2027-09-30,2027,9,151.1,"Ottawa-Gatineau, Ontario part, Ontario/Quebec "
2027-10-30,2027,10,151.2,"Ottawa-Gatineau, Ontario part, Ontario/Quebec "
2027-11-30,2027,11,151.4,"Ottawa-Gatineau, Ontario part, Ontario/Quebec "
2027-12-30,2027,12,151.6,"Ottawa-Gatineau, Ontario part, Ontario/Quebec "
2028-01-30,2028,1,152.5,"Ottawa-Gatineau, Ontario part, Ontario/Quebec "
2028-03-01,2028,3,152.9,"Ottawa-Gatineau, Ontario part, Ontario/Quebec "
2028-03-30,2028,3,152.9,"Ottawa-Gatineau, Ontario part, Ontario/Quebec "
2028-04-30,2028,4,153.1,"Ottawa-Gatineau, Ontario part, Ontario/Quebec "
2028-05-30,2028,5,153.3,"Ottawa-Gatineau, Ontario part, Ontario/Quebec "
2028-06-30,2028,6,153.4,"Ottawa-Gatineau, Ontario part, Ontario/Quebec "
2028-07-30,2028,7,153.6,"Ottawa-Gatineau, Ontario part, Ontario/Quebec "
2028-08-30,2028,8,153.8,"Ottawa-Gatineau, Ontario part, Ontario/Quebec "
2028-09-30,2028,9,154.0,"Ottawa-Gatineau, Ontario part, Ontario/Quebec "
2028-10-30,2028,10,154.2,"Ottawa-Gatineau, Ontario part, Ontario/Quebec "
2028-11-30,2028,11,154.4,"Ottawa-Gatineau, Ontario part, Ontario/Quebec "
2028-12-30,2028,12,154.5,"Ottawa-Gatineau, Ontario part, Ontario/Quebec "
2029-01-30,2029,1,155.5,"Ottawa-Gatineau, Ontario part, Ontario/Quebec "
2029-03-02,2029,3,155.8,"Ottawa-Gatineau, Ontario part, Ontario/Quebec "
2029-03-30,2029,3,155.8,"Ottawa-Gatineau, Ontario part, Ontario/Quebec "
2024-04-30,2024,4,150.4,"Québec, Quebec"
2024-05-30,2024,5,150.5,"Québec, Quebec"
2024-06-30,2024,6,150.7,"Québec, Quebec"
2024-07-30,2024,7,150.9,"Québec, Quebec"
2024-08-30,2024,8,151.1,"Québec, Quebec"
2024-09-30,2024,9,151.2,"Québec, Quebec"
2024-10-30,2024,10,151.4,"Québec, Quebec"
2024-11-30,2024,11,151.6,"Québec, Quebec"
2024-12-30,2024,12,151.8,"Québec, Quebec"
2025-01-30,2025,1,152.9,"Québec, Quebec"
2025-03-02,2025,3,153.2,"Québec, Quebec"
2025-03-30,2025,3,153.2,"Québec, Quebec"
2025-04-30,2025,4,153.4,"Québec, Quebec"
2025-05-30,2025,5,153.6,"Québec, Quebec"
2025-06-30,2025,6,153.8,"Québec, Quebec"
2025-07-30,2025,7,153.9,"Québec, Quebec"
2025-08-30,2025,8,154.1,"Québec, Quebec"
2025-09-30,2025,9,154.3,"Québec, Quebec"
2025-10-30,2025,10,154.5,"Québec, Quebec"
2025-11-30,2025,11,154.6,"Québec, Quebec"
2025-12-30,2025,12,154.8,"Québec, Quebec"
2026-01-30,2026,1,155.9,"Québec, Quebec"
2026-03-02,2026,3,156.3,"Québec, Quebec"
2026-03-30,2026,3,156.3,"Québec, Quebec"
2026-04-30,2026,4,156.5,"Québec, Quebec"
2026-05-30,2026,5,156.6,"Québec, Quebec"
2026-06-30,2026,6,156.8,"Québec, Quebec"
2026-07-30,2026,7,157.0,"Québec, Quebec"
2026-08-30,2026,8,157.2,"Québec, Quebec"
2026-09-30,2026,9,157.3,"Québec, Quebec"
2026-10-30,2026,10,157.5,"Québec, Quebec"
2026-11-30,2026,11,157.7,"Québec, Quebec"
2026-12-30,2026,12,157.9,"Québec, Quebec"
2027-01-30,2027,1,159.0,"Québec, Quebec"
2027-03-02,2027,3,159.3,"Québec, Quebec"
2027-03-30,2027,3,159.3,"Québec, Quebec"
2027-04-30,2027,4,159.5,"Québec, Quebec"
2027-05-30,2027,5,159.7,"Québec, Quebec"
2027-06-30,2027,6,159.9,"Québec, Quebec"
2027-07-30,2027,7,160.0,"Québec, Quebec"
2027-08-30,2027,8,160.2,"Québec, Quebec"
2027-09-30,2027,9,160.4,"Québec, Quebec"
2027-10-30,2027,10,160.6,"Québec, Quebec"
2027-11-30,2027,11,160.8,"Québec, Quebec"
2027-12-30,2027,12,160.9,"Québec, Quebec"
2028-01-30,2028,1,162.0,"Québec, Quebec"
2028-03-01,2028,3,162.4,"Québec, Quebec"
2028-03-30,2028,3,162.4,"Québec, Quebec"
2028-04-30,2028,4,162.6,"Québec, Quebec"
2028-05-30,2028,5,162.8,"Québec, Quebec"
2028-06-30,2028,6,162.9,"Québec, Quebec"
2028-07-30,2028,7,163.1,"Québec, Quebec"
2028-08-30,2028,8,163.3,"Québec, Quebec"
2028-09-30,2028,9,163.5,"Québec, Quebec"
2028-10-30,2028,10,163.6,"Québec, Quebec"
2028-11-30,2028,11,163.8,"Québec, Quebec"
2028-12-30,2028,12,164.0,"Québec, Quebec"
2029-01-30,2029,1,165.1,"Québec, Quebec"
2029-03-02,2029,3,165.5,"Québec, Quebec"
2029-03-30,2029,3,165.5,"Québec, Quebec"
2024-04-30,2024,4,138.5,"Regina, Saskatchewan"
2024-05-30,2024,5,138.8,"Regina, Saskatchewan"
2024-06-30,2024,6,139.2,"Regina, Saskatchewan"
2024-07-30,2024,7,139.6,"Regina, Saskatchewan"
2024-08-30,2024,8,139.9,"Regina, Saskatchewan"
2024-09-30,2024,9,140.3,"Regina, Saskatchewan"
2024-10-30,2024,10,140.7,"Regina, Saskatchewan"
2024-11-30,2024,11,141.0,"Regina, Saskatchewan"
2024-12-30,2024,12,141.4,"Regina, Saskatchewan"
2025-01-30,2025,1,140.1,"Regina, Saskatchewan"
2025-03-02,2025,3,140.9,"Regina, Saskatchewan"
2025-03-30,2025,3,140.9,"Regina, Saskatchewan"
2025-04-30,2025,4,141.2,"Regina, Saskatchewan"
2025-05-30,2025,5,141.6,"Regina, Saskatchewan"
2025-06-30,2025,6,142.0,"Regina, Saskatchewan"
2025-07-30,2025,7,142.3,"Regina, Saskatchewan"
2025-08-30,2025,8,142.7,"Regina, Saskatchewan"
2025-09-30,2025,9,143.1,"Regina, Saskatchewan"
2025-10-30,2025,10,143.4,"Regina, Saskatchewan"
2025-11-30,2025,11,143.8,"Regina, Saskatchewan"
2025-12-30,2025,12,144.2,"Regina, Saskatchewan"
2026-01-30,2026,1,142.9,"Regina, Saskatchewan"
2026-03-02,2026,3,143.6,"Regina, Saskatchewan"
2026-03-30,2026,3,143.6,"Regina, Saskatchewan"
2026-04-30,2026,4,144.0,"Regina, Saskatchewan"
2026-05-30,2026,5,144.4,"Regina, Saskatchewan"
2026-06-30,2026,6,144.7,"Regina, Saskatchewan"
2026-07-30,2026,7,145.1,"Regina, Saskatchewan"
2026-08-30,2026,8,145.5,"Regina, Saskatchewan"
2026-09-30,2026,9,145.8,"Regina, Saskatchewan"
2026-10-30,2026,10,146.2,"Regina, Saskatchewan"
2026-11-30,2026,11,146.6,"Regina, Saskatchewan"
2026-12-30,2026,12,146.9,"Regina, Saskatchewan"
2027-01-30,2027,1,145.7,"Regina, Saskatchewan"
2027-03-02,2027,3,146.4,"Regina, Saskatchewan"
2027-03-30,2027,3,146.4,"Regina, Saskatchewan"
2027-04-30,2027,4,146.8,"Regina, Saskatchewan"
2027-05-30,2027,5,147.2,"Regina, Saskatchewan"
2027-06-30,2027,6,147.5,"Regina, Saskatchewan"
2027-07-30,2027,7,147.9,"Regina, Saskatchewan"
2027-08-30,2027,8,148.3,"Regina, Saskatchewan"
2027-09-30,2027,9,148.6,"Regina, Saskatchewan"
2027-10-30,2027,10,149.0,"Regina, Saskatchewan"
2027-11-30,2027,11,149.4,"Regina, Saskatchewan"
2027-12-30,2027,12,149.7,"Regina, Saskatchewan"
2028-01-30,2028,1,148.5,"Regina, Saskatchewan"
2028-03-01,2028,3,149.2,"Regina, Saskatchewan"
2028-03-30,2028,3,149.2,"Regina, Saskatchewan"
2028-04-30,2028,4,149.6,"Regina, Saskatchewan"
2028-05-30,2028,5,149.9,"Regina, Saskatchewan"
2028-06-30,2028,6,150.3,"Regina, Saskatchewan"
2028-07-30,2028,7,150.7,"Regina, Saskatchewan"
2028-08-30,2028,8,151.0,"Regina, Saskatchewan"
2028-09-30,2028,9,151.4,"Regina, Saskatchewan"
2028-10-30,2028,10,151.8,"Regina, Saskatchewan"
2028-11-30,2028,11,152.1,"Regina, Saskatchewan"
2028-12-30,2028,12,152.5,"Regina, Saskatchewan"
2029-01-30,2029,1,151.2,"Regina, Saskatchewan"
2029-03-02,2029,3,152.0,"Regina, Saskatchewan"
2029-03-30,2029,3,152.0,"Regina, Saskatchewan"
2024-04-30,2024,4,146.2,"Saint John, New Brunswick"
2024-05-30,2024,5,146.6,"Saint John, New Brunswick"
2024-06-30,2024,6,146.9,"Saint John, New Brunswick"
2024-07-30,2024,7,147.2,"Saint John, New Brunswick"
2024-08-30,2024,8,147.5,"Saint John, New Brunswick"
2024-09-30,2024,9,147.9,"Saint John, New Brunswick"
2024-10-30,2024,10,148.2,"Saint John, New Brunswick"
2024-11-30,2024,11,148.5,"Saint John, New Brunswick"
2024-12-30,2024,12,148.8,"Saint John, New Brunswick"
2025-01-30,2025,1,148.4,"Saint John, New Brunswick"
2025-03-02,2025,3,149.0,"Saint John, New Brunswick"
2025-03-30,2025,3,149.0,"Saint John, New Brunswick"
2025-04-30,2025,4,149.4,"Saint John, New Brunswick"
2025-05-30,2025,5,149.7,"Saint John, New Brunswick"
2025-06-30,2025,6,150.0,"Saint John, New Brunswick"
2025-07-30,2025,7,150.3,"Saint John, New Brunswick"
2025-08-30,2025,8,150.7,"Saint John, New Brunswick"
2025-09-30,2025,9,151.0,"Saint John, New Brunswick"
2025-10-30,2025,10,151.3,"Saint John, New Brunswick"
2025-11-30,2025,11,151.7,"Saint John, New Brunswick"
2025-12-30,2025,12,152.0,"Saint John, New Brunswick"
2026-01-30,2026,1,151.5,"Saint John, New Brunswick"
2026-03-02,2026,3,152.2,"Saint John, New Brunswick"
2026-03-30,2026,3,152.2,"Saint John, New Brunswick"
2026-04-30,2026,4,152.5,"Saint John, New Brunswick"
2026-05-30,2026,5,152.8,"Saint John, New Brunswick"
2026-06-30,2026,6,153.1,"Saint John, New Brunswick"
2026-07-30,2026,7,153.5,"Saint John, New Brunswick"
2026-08-30,2026,8,153.8,"Saint John, New Brunswick"
2026-09-30,2026,9,154.1,"Saint John, New Brunswick"
2026-10-30,2026,10,154.5,"Saint John, New Brunswick"
2026-11-30,2026,11,154.8,"Saint John, New Brunswick"
2026-12-30,2026,12,155.1,"Saint John, New Brunswick"
2027-01-30,2027,1,154.6,"Saint John, New Brunswick"
2027-03-02,2027,3,155.3,"Saint John, New Brunswick"
2027-03-30,2027,3,155.3,"Saint John, New Brunswick"
2027-04-30,2027,4,155.6,"Saint John, New Brunswick"
2027-05-30,2027,5,155.9,"Saint John, New Brunswick"
2027-06-30,2027,6,156.3,"Saint John, New Brunswick"
2027-07-30,2027,7,156.6,"Saint John, New Brunswick"
2027-08-30,2027,8,156.9,"Saint John, New Brunswick"
2027-09-30,2027,9,157.3,"Saint John, New Brunswick"
2027-10-30,2027,10,157.6,"Saint John, New Brunswick"
2027-11-30,2027,11,157.9,"Saint John, New Brunswick"
2027-12-30,2027,12,158.2,"Saint John, New Brunswick"
2028-01-30,2028,1,157.8,"Saint John, New Brunswick"
2028-03-01,2028,3,158.4,"Saint John, New Brunswick"
2028-03-30,2028,3,158.4,"Saint John, New Brunswick"
2028-04-30,2028,4,158.8,"Saint John, New Brunswick"
2028-05-30,2028,5,159.1,"Saint John, New Brunswick"
2028-06-30,2028,6,159.4,"Saint John, New Brunswick"
2028-07-30,2028,7,159.7,"Saint John, New Brunswick"
2028-08-30,2028,8,160.1,"Saint John, New Brunswick"
2028-09-30,2028,9,160.4,"Saint John, New Brunswick"
2028-10-30,2028,10,160.7,"Saint John, New Brunswick"
2028-11-30,2028,11,161.0,"Saint John, New Brunswick"
2028-12-30,2028,12,161.4,"Saint John, New Brunswick"
2029-01-30,2029,1,160.9,"Saint John, New Brunswick"
2029-03-02,2029,3,161.6,"Saint John, New Brunswick"
2029-03-30,2029,3,161.6,"Saint John, New Brunswick"
2024-04-30,2024,4,137.3,"Saskatoon, Saskatchewan"
2024-05-30,2024,5,137.6,"Saskatoon, Saskatchewan"
2024-06-30,2024,6,137.9,"Saskatoon, Saskatchewan"
2024-07-30,2024,7,138.2,"Saskatoon, Saskatchewan"
2024-08-30,2024,8,138.5,"Saskatoon, Saskatchewan"
2024-09-30,2024,9,138.8,"Saskatoon, Saskatchewan"
2024-10-30,2024,10,139.1,"Saskatoon, Saskatchewan"
2024-11-30,2024,11,139.5,"Saskatoon, Saskatchewan"
2024-12-30,2024,12,139.8,"Saskatoon, Saskatchewan"
2025-01-30,2025,1,139.0,"Saskatoon, Saskatchewan"
2025-03-02,2025,3,139.7,"Saskatoon, Saskatchewan"
2025-03-30,2025,3,139.7,"Saskatoon, Saskatchewan"
2025-04-30,2025,4,140.0,"Saskatoon, Saskatchewan"
2025-05-30,2025,5,140.3,"Saskatoon, Saskatchewan"
2025-06-30,2025,6,140.6,"Saskatoon, Saskatchewan"
2025-07-30,2025,7,140.9,"Saskatoon, Saskatchewan"
2025-08-30,2025,8,141.2,"Saskatoon, Saskatchewan"
2025-09-30,2025,9,141.5,"Saskatoon, Saskatchewan"
2025-10-30,2025,10,141.8,"Saskatoon, Saskatchewan"
2025-11-30,2025,11,142.1,"Saskatoon, Saskatchewan"
2025-12-30,2025,12,142.4,"Saskatoon, Saskatchewan"
2026-01-30,2026,1,141.7,"Saskatoon, Saskatchewan"
2026-03-02,2026,3,142.3,"Saskatoon, Saskatchewan"
2026-03-30,2026,3,142.3,"Saskatoon, Saskatchewan"
2026-04-30,2026,4,142.6,"Saskatoon, Saskatchewan"
2026-05-30,2026,5,143.0,"Saskatoon, Saskatchewan"
2026-06-30,2026,6,143.3,"Saskatoon, Saskatchewan"
2026-07-30,2026,7,143.6,"Saskatoon, Saskatchewan"
2026-08-30,2026,8,143.9,"Saskatoon, Saskatchewan"
2026-09-30,2026,9,144.2,"Saskatoon, Saskatchewan"
2026-10-30,2026,10,144.5,"Saskatoon, Saskatchewan"
2026-11-30,2026,11,144.8,"Saskatoon, Saskatchewan"
2026-12-30,2026,12,145.1,"Saskatoon, Saskatchewan"
2027-01-30,2027,1,144.4,"Saskatoon, Saskatchewan"
2027-03-02,2027,3,145.0,"Saskatoon, Saskatchewan"
2027-03-30,2027,3,145.0,"Saskatoon, Saskatchewan"
2027-04-30,2027,4,145.3,"Saskatoon, Saskatchewan"
2027-05-30,2027,5,145.6,"Saskatoon, Saskatchewan"
2027-06-30,2027,6,145.9,"Saskatoon, Saskatchewan"
2027-07-30,2027,7,146.3,"Saskatoon, Saskatchewan"
2027-08-30,2027,8,146.6,"Saskatoon, Saskatchewan"
2027-09-30,2027,9,146.9,"Saskatoon, Saskatchewan"
2027-10-30,2027,10,147.2,"Saskatoon, Saskatchewan"
2027-11-30,2027,11,147.5,"Saskatoon, Saskatchewan"
2027-12-30,2027,12,147.8,"Saskatoon, Saskatchewan"
2028-01-30,2028,1,147.1,"Saskatoon, Saskatchewan"
2028-03-01,2028,3,147.7,"Saskatoon, Saskatchewan"
2028-03-30,2028,3,147.7,"Saskatoon, Saskatchewan"
2028-04-30,2028,4,148.0,"Saskatoon, Saskatchewan"
2028-05-30,2028,5,148.3,"Saskatoon, Saskatchewan"
2028-06-30,2028,6,148.6,"Saskatoon, Saskatchewan"
2028-07-30,2028,7,148.9,"Saskatoon, Saskatchewan"
2028-08-30,2028,8,149.2,"Saskatoon, Saskatchewan"
2028-09-30,2028,9,149.6,"Saskatoon, Saskatchewan"
2028-10-30,2028,10,149.9,"Saskatoon, Saskatchewan"
2028-11-30,2028,11,150.2,"Saskatoon, Saskatchewan"
2028-12-30,2028,12,150.5,"Saskatoon, Saskatchewan"
2029-01-30,2029,1,149.8,"Saskatoon, Saskatchewan"
2029-03-02,2029,3,150.4,"Saskatoon, Saskatchewan"
2029-03-30,2029,3,150.4,"Saskatoon, Saskatchewan"
2024-04-30,2024,4,154.3,"St. John's, Newfoundland and Labrador"
2024-05-30,2024,5,154.6,"St. John's, Newfoundland and Labrador"
2024-06-30,2024,6,154.9,"St. John's, Newfoundland and Labrador"
2024-07-30,2024,7,155.1,"St. John's, Newfoundland and Labrador"
2024-08-30,2024,8,155.4,"St. John's, Newfoundland and Labrador"
2024-09-30,2024,9,155.7,"St. John's, Newfoundland and Labrador"
2024-10-30,2024,10,156.0,"St. John's, Newfoundland and Labrador"
2024-11-30,2024,11,156.3,"St. John's, Newfoundland and Labrador"
2024-12-30,2024,12,156.6,"St. John's, Newfoundland and Labrador"
2025-01-30,2025,1,156.5,"St. John's, Newfoundland and Labrador"
2025-03-02,2025,3,157.1,"St. John's, Newfoundland and Labrador"
2025-03-30,2025,3,157.1,"St. John's, Newfoundland and Labrador"
2025-04-30,2025,4,157.4,"St. John's, Newfoundland and Labrador"
2025-05-30,2025,5,157.7,"St. John's, Newfoundland and Labrador"
2025-06-30,2025,6,158.0,"St. John's, Newfoundland and Labrador"
2025-07-30,2025,7,158.2,"St. John's, Newfoundland and Labrador"
2025-08-30,2025,8,158.5,"St. John's, Newfoundland and Labrador"
2025-09-30,2025,9,158.8,"St. John's, Newfoundland and Labrador"
2025-10-30,2025,10,159.1,"St. John's, Newfoundland and Labrador"
2025-11-30,2025,11,159.4,"St. John's, Newfoundland and Labrador"
2025-12-30,2025,12,159.7,"St. John's, Newfoundland and Labrador"
2026-01-30,2026,1,159.6,"St. John's, Newfoundland and Labrador"
2026-03-02,2026,3,160.2,"St. John's, Newfoundland and Labrador"
2026-03-30,2026,3,160.2,"St. John's, Newfoundland and Labrador"
2026-04-30,2026,4,160.5,"St. John's, Newfoundland and Labrador"
2026-05-30,2026,5,160.8,"St. John's, Newfoundland and Labrador"
2026-06-30,2026,6,161.1,"St. John's, Newfoundland and Labrador"
2026-07-30,2026,7,161.3,"St. John's, Newfoundland and Labrador"
2026-08-30,2026,8,161.6,"St. John's, Newfoundland and Labrador"
2026-09-30,2026,9,161.9,"St. John's, Newfoundland and Labrador"
2026-10-30,2026,10,162.2,"St. John's, Newfoundland and Labrador"
2026-11-30,2026,11,162.5,"St. John's, Newfoundland and Labrador"
2026-12-30,2026,12,162.8,"St. John's, Newfoundland and Labrador"
2027-01-30,2027,1,162.7,"St. John's, Newfoundland and Labrador"
2027-03-02,2027,3,163.3,"St. John's, Newfoundland and Labrador"
2027-03-30,2027,3,163.3,"St. John's, Newfoundland and Labrador"
2027-04-30,2027,4,163.6,"St. John's, Newfoundland and Labrador"
2027-05-30,2027,5,163.9,"St. John's, Newfoundland and Labrador"
2027-06-30,2027,6,164.2,"St. John's, Newfoundland and Labrador"
2027-07-30,2027,7,164.4,"St. John's, Newfoundland and Labrador"
2027-08-30,2027,8,164.7,"St. John's, Newfoundland and Labrador"
2027-09-30,2027,9,165.0,"St. John's, Newfoundland and Labrador"
2027-10-30,2027,10,165.3,"St. John's, Newfoundland and Labrador"
2027-11-30,2027,11,165.6,"St. John's, Newfoundland and Labrador"
2027-12-30,2027,12,165.9,"St. John's, Newfoundland and Labrador"
2028-01-30,2028,1,165.8,"St. John's, Newfoundland and Labrador"
2028-03-01,2028,3,166.4,"St. John's, Newfoundland and Labrador"
2028-03-30,2028,3,166.4,"St. John's, Newfoundland and Labrador"
2028-04-30,2028,4,166.7,"St. John's, Newfoundland and Labrador"
2028-05-30,2028,5,167.0,"St. John's, Newfoundland and Labrador"
2028-06-30,2028,6,167.3,"St. John's, Newfoundland and Labrador"
2028-07-30,2028,7,167.5,"St. John's, Newfoundland and Labrador"
2028-08-30,2028,8,167.8,"St. John's, Newfoundland and Labrador"
2028-09-30,2028,9,168.1,"St. John's, Newfoundland and Labrador"
2028-10-30,2028,10,168.4,"St. John's, Newfoundland and Labrador"
2028-11-30,2028,11,168.7,"St. John's, Newfoundland and Labrador"
2028-12-30,2028,12,169.0,"St. John's, Newfoundland and Labrador"
2029-01-30,2029,1,168.9,"St. John's, Newfoundland and Labrador"
2029-03-02,2029,3,169.5,"St. John's, Newfoundland and Labrador"
2029-03-30,2029,3,169.5,"St. John's, Newfoundland and Labrador"
2024-04-30,2024,4,152.2,"Thunder Bay, Ontario "
2024-05-30,2024,5,152.6,"Thunder Bay, Ontario "
2024-06-30,2024,6,153.0,"Thunder Bay, Ontario "
2024-07-30,2024,7,153.4,"Thunder Bay, Ontario "
2024-08-30,2024,8,153.9,"Thunder Bay, Ontario "
2024-09-30,2024,9,154.3,"Thunder Bay, Ontario "
2024-10-30,2024,10,154.7,"Thunder Bay, Ontario "
2024-11-30,2024,11,155.1,"Thunder Bay, Ontario "
2024-12-30,2024,12,155.5,"Thunder Bay, Ontario "
2025-01-30,2025,1,154.1,"Thunder Bay, Ontario "
2025-03-02,2025,3,154.9,"Thunder Bay, Ontario "
2025-03-30,2025,3,154.9,"Thunder Bay, Ontario "
2025-04-30,2025,4,155.4,"Thunder Bay, Ontario "
2025-05-30,2025,5,155.8,"Thunder Bay, Ontario "
2025-06-30,2025,6,156.2,"Thunder Bay, Ontario "
2025-07-30,2025,7,156.6,"Thunder Bay, Ontario "
2025-08-30,2025,8,157.1,"Thunder Bay, Ontario "
2025-09-30,2025,9,157.5,"Thunder Bay, Ontario "
2025-10-30,2025,10,157.9,"Thunder Bay, Ontario "
2025-11-30,2025,11,158.3,"Thunder Bay, Ontario "
2025-12-30,2025,12,158.8,"Thunder Bay, Ontario "
2026-01-30,2026,1,157.3,"Thunder Bay, Ontario "
2026-03-02,2026,3,158.2,"Thunder Bay, Ontario "
2026-03-30,2026,3,158.2,"Thunder Bay, Ontario "
2026-04-30,2026,4,158.6,"Thunder Bay, Ontario "
2026-05-30,2026,5,159.0,"Thunder Bay, Ontario "
2026-06-30,2026,6,159.4,"Thunder Bay, Ontario "
2026-07-30,2026,7,159.8,"Thunder Bay, Ontario "
2026-08-30,2026,8,160.3,"Thunder Bay, Ontario "
2026-09-30,2026,9,160.7,"Thunder Bay, Ontario "
2026-10-30,2026,10,161.1,"Thunder Bay, Ontario "
2026-11-30,2026,11,161.5,"Thunder Bay, Ontario "
2026-12-30,2026,12,162.0,"Thunder Bay, Ontario "
2027-01-30,2027,1,160.5,"Thunder Bay, Ontario "
2027-03-02,2027,3,161.4,"Thunder Bay, Ontario "
2027-03-30,2027,3,161.4,"Thunder Bay, Ontario "
2027-04-30,2027,4,161.8,"Thunder Bay, Ontario "
2027-05-30,2027,5,162.2,"Thunder Bay, Ontario "
2027-06-30,2027,6,162.6,"Thunder Bay, Ontario "
2027-07-30,2027,7,163.1,"Thunder Bay, Ontario "
2027-08-30,2027,8,163.5,"Thunder Bay, Ontario "
2027-09-30,2027,9,163.9,"Thunder Bay, Ontario "
2027-10-30,2027,10,164.3,"Thunder Bay, Ontario "
2027-11-30,2027,11,164.7,"Thunder Bay, Ontario "
2027-12-30,2027,12,165.2,"Thunder Bay, Ontario "
2028-01-30,2028,1,163.7,"Thunder Bay, Ontario "
2028-03-01,2028,3,164.6,"Thunder Bay, Ontario "
2028-03-30,2028,3,164.6,"Thunder Bay, Ontario "
2028-04-30,2028,4,165.0,"Thunder Bay, Ontario "
2028-05-30,2028,5,165.4,"Thunder Bay, Ontario "
2028-06-30,2028,6,165.8,"Thunder Bay, Ontario "
2028-07-30,2028,7,166.3,"Thunder Bay, Ontario "
2028-08-30,2028,8,166.7,"Thunder Bay, Ontario "
2028-09-30,2028,9,167.1,"Thunder Bay, Ontario "
2028-10-30,2028,10,167.5,"Thunder Bay, Ontario "
2028-11-30,2028,11,168.0,"Thunder Bay, Ontario "
2028-12-30,2028,12,168.4,"Thunder Bay, Ontario "
2029-01-30,2029,1,166.9,"Thunder Bay, Ontario "
2029-03-02,2029,3,167.8,"Thunder Bay, Ontario "
2029-03-30,2029,3,167.8,"Thunder Bay, Ontario "
2024-04-30,2024,4,144.5,"Toronto, Ontario"
2024-05-30,2024,5,144.7,"Toronto, Ontario"
2024-06-30,2024,6,144.9,"Toronto, Ontario"
2024-07-30,2024,7,145.1,"Toronto, Ontario"
2024-08-30,2024,8,145.4,"Toronto, Ontario"
2024-09-30,2024,9,145.6,"Toronto, Ontario"
2024-10-30,2024,10,145.8,"Toronto, Ontario"
2024-11-30,2024,11,146.0,"Toronto, Ontario"
2024-12-30,2024,12,146.2,"Toronto, Ontario"
2025-01-30,2025,1,146.9,"Toronto, Ontario"
2025-03-02,2025,3,147.3,"Toronto, Ontario"
2025-03-30,2025,3,147.3,"Toronto, Ontario"
2025-04-30,2025,4,147.6,"Toronto, Ontario"
2025-05-30,2025,5,147.8,"Toronto, Ontario"
2025-06-30,2025,6,148.0,"Toronto, Ontario"
2025-07-30,2025,7,148.2,"Toronto, Ontario"
2025-08-30,2025,8,148.4,"Toronto, Ontario"
2025-09-30,2025,9,148.7,"Toronto, Ontario"
2025-10-30,2025,10,148.9,"Toronto, Ontario"
2025-11-30,2025,11,149.1,"Toronto, Ontario"
2025-12-30,2025,12,149.3,"Toronto, Ontario"
2026-01-30,2026,1,150.0,"Toronto, Ontario"
2026-03-02,2026,3,150.4,"Toronto, Ontario"
2026-03-30,2026,3,150.4,"Toronto, Ontario"
2026-04-30,2026,4,150.6,"Toronto, Ontario"
2026-05-30,2026,5,150.9,"Toronto, Ontario"
2026-06-30,2026,6,151.1,"Toronto, Ontario"
2026-07-30,2026,7,151.3,"Toronto, Ontario"
2026-08-30,2026,8,151.5,"Toronto, Ontario"
2026-09-30,2026,9,151.7,"Toronto, Ontario"
2026-10-30,2026,10,152.0,"Toronto, Ontario"
2026-11-30,2026,11,152.2,"Toronto, Ontario"
2026-12-30,2026,12,152.4,"Toronto, Ontario"
2027-01-30,2027,1,153.0,"Toronto, Ontario"
2027-03-02,2027,3,153.5,"Toronto, Ontario"
2027-03-30,2027,3,153.5,"Toronto, Ontario"
2027-04-30,2027,4,153.7,"Toronto, Ontario"
2027-05-30,2027,5,153.9,"Toronto, Ontario"
2027-06-30,2027,6,154.2,"Toronto, Ontario"
2027-07-30,2027,7,154.4,"Toronto, Ontario"
2027-08-30,2027,8,154.6,"Toronto, Ontario"
2027-09-30,2027,9,154.8,"Toronto, Ontario"
2027-10-30,2027,10,155.0,"Toronto, Ontario"
2027-11-30,2027,11,155.3,"Toronto, Ontario"
2027-12-30,2027,12,155.5,"Toronto, Ontario"
2028-01-30,2028,1,156.1,"Toronto, Ontario"
2028-03-01,2028,3,156.6,"Toronto, Ontario"
2028-03-30,2028,3,156.6,"Toronto, Ontario"
2028-04-30,2028,4,156.8,"Toronto, Ontario"
2028-05-30,2028,5,157.0,"Toronto, Ontario"
2028-06-30,2028,6,157.2,"Toronto, Ontario"
2028-07-30,2028,7,157.5,"Toronto, Ontario"
2028-08-30,2028,8,157.7,"Toronto, Ontario"
2028-09-30,2028,9,157.9,"Toronto, Ontario"
2028-10-30,2028,10,158.1,"Toronto, Ontario"
2028-11-30,2028,11,158.3,"Toronto, Ontario"
2028-12-30,2028,12,158.6,"Toronto, Ontario"
2029-01-30,2029,1,159.2,"Toronto, Ontario"
2029-03-02,2029,3,159.6,"Toronto, Ontario"
2029-03-30,2029,3,159.6,"Toronto, Ontario"
2024-04-30,2024,4,170.1,"Vancouver, British Columbia"
2024-05-30,2024,5,170.4,"Vancouver, British Columbia"
2024-06-30,2024,6,170.6,"Vancouver, British Columbia"
2024-07-30,2024,7,170.9,"Vancouver, British Columbia"
2024-08-30,2024,8,171.1,"Vancouver, British Columbia"
2024-09-30,2024,9,171.4,"Vancouver, British Columbia"
2024-10-30,2024,10,171.6,"Vancouver, British Columbia"
2024-11-30,2024,11,171.9,"Vancouver, British Columbia"
2024-12-30,2024,12,172.2,"Vancouver, British Columbia"
2025-01-30,2025,1,173.3,"Vancouver, British Columbia"
2025-03-02,2025,3,173.8,"Vancouver, British Columbia"
2025-03-30,2025,3,173.8,"Vancouver, British Columbia"
2025-04-30,2025,4,174.1,"Vancouver, British Columbia"
2025-05-30,2025,5,174.3,"Vancouver, British Columbia"
2025-06-30,2025,6,174.6,"Vancouver, British Columbia"
2025-07-30,2025,7,174.8,"Vancouver, British Columbia"
2025-08-30,2025,8,175.1,"Vancouver, British Columbia"
2025-09-30,2025,9,175.3,"Vancouver, British Columbia"
2025-10-30,2025,10,175.6,"Vancouver, British Columbia"
2025-11-30,2025,11,175.8,"Vancouver, British Columbia"
2025-12-30,2025,12,176.1,"Vancouver, British Columbia"
2026-01-30,2026,1,177.2,"Vancouver, British Columbia"
2026-03-02,2026,3,177.7,"Vancouver, British Columbia"
2026-03-30,2026,3,177.7,"Vancouver, British Columbia"
2026-04-30,2026,4,178.0,"Vancouver, British Columbia"
2026-05-30,2026,5,178.2,"Vancouver, British Columbia"
2026-06-30,2026,6,178.5,"Vancouver, British Columbia"
2026-07-30,2026,7,178.7,"Vancouver, British Columbia"
2026-08-30,2026,8,179.0,"Vancouver, British Columbia"
2026-09-30,2026,9,179.2,"Vancouver, British Columbia"
2026-10-30,2026,10,179.5,"Vancouver, British Columbia"
2026-11-30,2026,11,179.7,"Vancouver, British Columbia"
2026-12-30,2026,12,180.0,"Vancouver, British Columbia"
2027-01-30,2027,1,181.2,"Vancouver, British Columbia"
2027-03-02,2027,3,181.7,"Vancouver, British Columbia"
2027-03-30,2027,3,181.7,"Vancouver, British Columbia"
2027-04-30,2027,4,181.9,"Vancouver, British Columbia"
2027-05-30,2027,5,182.2,"Vancouver, British Columbia"
2027-06-30,2027,6,182.4,"Vancouver, British Columbia"
2027-07-30,2027,7,182.7,"Vancouver, British Columbia"
2027-08-30,2027,8,182.9,"Vancouver, British Columbia"
2027-09-30,2027,9,183.2,"Vancouver, British Columbia"
2027-10-30,2027,10,183.4,"Vancouver, British Columbia"
2027-11-30,2027,11,183.7,"Vancouver, British Columbia"
2027-12-30,2027,12,183.9,"Vancouver, British Columbia"
2028-01-30,2028,1,185.1,"Vancouver, British Columbia"
2028-03-01,2028,3,185.6,"Vancouver, British Columbia"
2028-03-30,2028,3,185.6,"Vancouver, British Columbia"
2028-04-30,2028,4,185.8,"Vancouver, British Columbia"
2028-05-30,2028,5,186.1,"Vancouver, British Columbia"
2028-06-30,2028,6,186.3,"Vancouver, British Columbia"
2028-07-30,2028,7,186.6,"Vancouver, British Columbia"
2028-08-30,2028,8,186.8,"Vancouver, British Columbia"
2028-09-30,2028,9,187.1,"Vancouver, British Columbia"
2028-10-30,2028,10,187.3,"Vancouver, British Columbia"
2028-11-30,2028,11,187.6,"Vancouver, British Columbia"
2028-12-30,2028,12,187.8,"Vancouver, British Columbia"
2029-01-30,2029,1,189.0,"Vancouver, British Columbia"
2029-03-02,2029,3,189.5,"Vancouver, British Columbia"
2029-03-30,2029,3,189.5,"Vancouver, British Columbia"
2024-04-30,2024,4,163.5,"Victoria, British Columbia"
2024-05-30,2024,5,163.8,"Victoria, British Columbia"
2024-06-30,2024,6,164.2,"Victoria, British Columbia"
2024-07-30,2024,7,164.5,"Victoria, British Columbia"
2024-08-30,2024,8,164.9,"Victoria, British Columbia"
2024-09-30,2024,9,165.2,"Victoria, British Columbia"
2024-10-30,2024,10,165.6,"Victoria, British Columbia"
2024-11-30,2024,11,165.9,"Victoria, British Columbia"
2024-12-30,2024,12,166.3,"Victoria, British Columbia"
2025-01-30,2025,1,166.1,"Victoria, British Columbia"
2025-03-02,2025,3,166.8,"Victoria, British Columbia"
2025-03-30,2025,3,166.8,"Victoria, British Columbia"
2025-04-30,2025,4,167.2,"Victoria, British Columbia"
2025-05-30,2025,5,167.5,"Victoria, British Columbia"
2025-06-30,2025,6,167.9,"Victoria, British Columbia"
2025-07-30,2025,7,168.2,"Victoria, British Columbia"
2025-08-30,2025,8,168.6,"Victoria, British Columbia"
2025-09-30,2025,9,168.9,"Victoria, British Columbia"
2025-10-30,2025,10,169.3,"Victoria, British Columbia"
2025-11-30,2025,11,169.6,"Victoria, British Columbia"
2025-12-30,2025,12,170.0,"Victoria, British Columbia"
2026-01-30,2026,1,169.8,"Victoria, British Columbia"
2026-03-02,2026,3,170.5,"Victoria, British Columbia"
2026-03-30,2026,3,170.5,"Victoria, British Columbia"
2026-04-30,2026,4,170.9,"Victoria, British Columbia"
2026-05-30,2026,5,171.2,"Victoria, British Columbia"
2026-06-30,2026,6,171.6,"Victoria, British Columbia"
2026-07-30,2026,7,171.9,"Victoria, British Columbia"
2026-08-30,2026,8,172.3,"Victoria, British Columbia"
2026-09-30,2026,9,172.6,"Victoria, British Columbia"
2026-10-30,2026,10,173.0,"Victoria, British Columbia"
2026-11-30,2026,11,173.3,"Victoria, British Columbia"
2026-12-30,2026,12,173.7,"Victoria, British Columbia"
2027-01-30,2027,1,173.5,"Victoria, British Columbia"
2027-03-02,2027,3,174.2,"Victoria, British Columbia"
2027-03-30,2027,3,174.2,"Victoria, British Columbia"
2027-04-30,2027,4,174.6,"Victoria, British Columbia"
2027-05-30,2027,5,174.9,"Victoria, British Columbia"
2027-06-30,2027,6,175.3,"Victoria, British Columbia"
2027-07-30,2027,7,175.6,"Victoria, British Columbia"
2027-08-30,2027,8,176.0,"Victoria, British Columbia"
2027-09-30,2027,9,176.3,"Victoria, British Columbia"
2027-10-30,2027,10,176.7,"Victoria, British Columbia"
2027-11-30,2027,11,177.0,"Victoria, British Columbia"
2027-12-30,2027,12,177.4,"Victoria, British Columbia"
2028-01-30,2028,1,177.2,"Victoria, British Columbia"
2028-03-01,2028,3,177.9,"Victoria, British Columbia"
2028-03-30,2028,3,177.9,"Victoria, British Columbia"
2028-04-30,2028,4,178.2,"Victoria, British Columbia"
2028-05-30,2028,5,178.6,"Victoria, British Columbia"
2028-06-30,2028,6,178.9,"Victoria, British Columbia"
2028-07-30,2028,7,179.3,"Victoria, British Columbia"
2028-08-30,2028,8,179.6,"Victoria, British Columbia"
2028-09-30,2028,9,180.0,"Victoria, British Columbia"
2028-10-30,2028,10,180.3,"Victoria, British Columbia"
2028-11-30,2028,11,180.7,"Victoria, British Columbia"
2028-12-30,2028,12,181.0,"Victoria, British Columbia"
2029-01-30,2029,1,180.9,"Victoria, British Columbia"
2029-03-02,2029,3,181.6,"Victoria, British Columbia"
2029-03-30,2029,3,181.6,"Victoria, British Columbia"
2024-04-30,2024,4,158.5,"Whitehorse, Yukon"
2024-05-30,2024,5,159.1,"Whitehorse, Yukon"
2024-06-30,2024,6,159.7,"Whitehorse, Yukon"
2024-07-30,2024,7,160.4,"Whitehorse, Yukon"
2024-08-30,2024,8,161.0,"Whitehorse, Yukon"
2024-09-30,2024,9,161.6,"Whitehorse, Yukon"
2024-10-30,2024,10,162.2,"Whitehorse, Yukon"
2024-11-30,2024,11,162.9,"Whitehorse, Yukon"
2024-12-30,2024,12,163.5,"Whitehorse, Yukon"
2025-01-30,2025,1,159.9,"Whitehorse, Yukon"
2025-03-02,2025,3,161.1,"Whitehorse, Yukon"
2025-03-30,2025,3,161.1,"Whitehorse, Yukon"
2025-04-30,2025,4,161.8,"Whitehorse, Yukon"
2025-05-30,2025,5,162.4,"Whitehorse, Yukon"
2025-06-30,2025,6,163.0,"Whitehorse, Yukon"
2025-07-30,2025,7,163.7,"Whitehorse, Yukon"
2025-08-30,2025,8,164.3,"Whitehorse, Yukon"
2025-09-30,2025,9,164.9,"Whitehorse, Yukon"
2025-10-30,2025,10,165.5,"Whitehorse, Yukon"
2025-11-30,2025,11,166.2,"Whitehorse, Yukon"
2025-12-30,2025,12,166.8,"Whitehorse, Yukon"
2026-01-30,2026,1,163.2,"Whitehorse, Yukon"
2026-03-02,2026,3,164.4,"Whitehorse, Yukon"
2026-03-30,2026,3,164.4,"Whitehorse, Yukon"
2026-04-30,2026,4,165.1,"Whitehorse, Yukon"
2026-05-30,2026,5,165.7,"Whitehorse, Yukon"
2026-06-30,2026,6,166.3,"Whitehorse, Yukon"
2026-07-30,2026,7,166.9,"Whitehorse, Yukon"
2026-08-30,2026,8,167.6,"Whitehorse, Yukon"
2026-09-30,2026,9,168.2,"Whitehorse, Yukon"
2026-10-30,2026,10,168.8,"Whitehorse, Yukon"
2026-11-30,2026,11,169.4,"Whitehorse, Yukon"
2026-12-30,2026,12,170.1,"Whitehorse, Yukon"
2027-01-30,2027,1,166.5,"Whitehorse, Yukon"
2027-03-02,2027,3,167.7,"Whitehorse, Yukon"
2027-03-30,2027,3,167.7,"Whitehorse, Yukon"
2027-04-30,2027,4,168.3,"Whitehorse, Yukon"
2027-05-30,2027,5,169.0,"Whitehorse, Yukon"
2027-06-30,2027,6,169.6,"Whitehorse, Yukon"
2027-07-30,2027,7,170.2,"Whitehorse, Yukon"
2027-08-30,2027,8,170.8,"Whitehorse, Yukon"
2027-09-30,2027,9,171.5,"Whitehorse, Yukon"
2027-10-30,2027,10,172.1,"Whitehorse, Yukon"
2027-11-30,2027,11,172.7,"Whitehorse, Yukon"
2027-12-30,2027,12,173.3,"Whitehorse, Yukon"
2028-01-30,2028,1,169.7,"Whitehorse, Yukon"
2028-03-01,2028,3,171.0,"Whitehorse, Yukon"
2028-03-30,2028,3,171.0,"Whitehorse, Yukon"
2028-04-30,2028,4,171.6,"Whitehorse, Yukon"
2028-05-30,2028,5,172.2,"Whitehorse, Yukon"
2028-06-30,2028,6,172.9,"Whitehorse, Yukon"
2028-07-30,2028,7,173.5,"Whitehorse, Yukon"
2028-08-30,2028,8,174.1,"Whitehorse, Yukon"
2028-09-30,2028,9,174.7,"Whitehorse, Yukon"
2028-10-30,2028,10,175.4,"Whitehorse, Yukon"
2028-11-30,2028,11,176.0,"Whitehorse, Yukon"
2028-12-30,2028,12,176.6,"Whitehorse, Yukon"
2029-01-30,2029,1,173.0,"Whitehorse, Yukon"
2029-03-02,2029,3,174.3,"Whitehorse, Yukon"
2029-03-30,2029,3,174.3,"Whitehorse, Yukon"
2024-04-30,2024,4,136.1,"Winnipeg, Manitoba"
2024-05-30,2024,5,136.5,"Winnipeg, Manitoba"
2024-06-30,2024,6,136.9,"Winnipeg, Manitoba"
2024-07-30,2024,7,137.3,"Winnipeg, Manitoba"
2024-08-30,2024,8,137.7,"Winnipeg, Manitoba"
2024-09-30,2024,9,138.1,"Winnipeg, Manitoba"
2024-10-30,2024,10,138.5,"Winnipeg, Manitoba"
2024-11-30,2024,11,138.9,"Winnipeg, Manitoba"
2024-12-30,2024,12,139.3,"Winnipeg, Manitoba"
2025-01-30,2025,1,137.7,"Winnipeg, Manitoba"
2025-03-02,2025,3,138.5,"Winnipeg, Manitoba"
2025-03-30,2025,3,138.5,"Winnipeg, Manitoba"
2025-04-30,2025,4,138.9,"Winnipeg, Manitoba"
2025-05-30,2025,5,139.3,"Winnipeg, Manitoba"
2025-06-30,2025,6,139.7,"Winnipeg, Manitoba"
2025-07-30,2025,7,140.1,"Winnipeg, Manitoba"
2025-08-30,2025,8,140.5,"Winnipeg, Manitoba"
2025-09-30,2025,9,140.9,"Winnipeg, Manitoba"
2025-10-30,2025,10,141.3,"Winnipeg, Manitoba"
2025-11-30,2025,11,141.7,"Winnipeg, Manitoba"
2025-12-30,2025,12,142.1,"Winnipeg, Manitoba"
2026-01-30,2026,1,140.5,"Winnipeg, Manitoba"
2026-03-02,2026,3,141.3,"Winnipeg, Manitoba"
2026-03-30,2026,3,141.3,"Winnipeg, Manitoba"
2026-04-30,2026,4,141.7,"Winnipeg, Manitoba"
2026-05-30,2026,5,142.1,"Winnipeg, Manitoba"
2026-06-30,2026,6,142.5,"Winnipeg, Manitoba"
2026-07-30,2026,7,142.9,"Winnipeg, Manitoba"
2026-08-30,2026,8,143.3,"Winnipeg, Manitoba"
2026-09-30,2026,9,143.7,"Winnipeg, Manitoba"
2026-10-30,2026,10,144.1,"Winnipeg, Manitoba"
2026-11-30,2026,11,144.5,"Winnipeg, Manitoba"
2026-12-30,2026,12,144.9,"Winnipeg, Manitoba"
2027-01-30,2027,1,143.3,"Winnipeg, Manitoba"
2027-03-02,2027,3,144.1,"Winnipeg, Manitoba"
2027-03-30,2027,3,144.1,"Winnipeg, Manitoba"
2027-04-30,2027,4,144.5,"Winnipeg, Manitoba"
2027-05-30,2027,5,144.9,"Winnipeg, Manitoba"
2027-06-30,2027,6,145.3,"Winnipeg, Manitoba"
2027-07-30,2027,7,145.7,"Winnipeg, Manitoba"
2027-08-30,2027,8,146.1,"Winnipeg, Manitoba"
2027-09-30,2027,9,146.5,"Winnipeg, Manitoba"
2027-10-30,2027,10,146.9,"Winnipeg, Manitoba"
2027-11-30,2027,11,147.3,"Winnipeg, Manitoba"
2027-12-30,2027,12,147.7,"Winnipeg, Manitoba"
2028-01-30,2028,1,146.1,"Winnipeg, Manitoba"
2028-03-01,2028,3,146.9,"Winnipeg, Manitoba"
2028-03-30,2028,3,146.9,"Winnipeg, Manitoba"
2028-04-30,2028,4,147.3,"Winnipeg, Manitoba"
2028-05-30,2028,5,147.7,"Winnipeg, Manitoba"
2028-06-30,2028,6,148.1,"Winnipeg, Manitoba"
2028-07-30,2028,7,148.5,"Winnipeg, Manitoba"
2028-08-30,2028,8,148.9,"Winnipeg, Manitoba"
2028-09-30,2028,9,149.3,"Winnipeg, Manitoba"
2028-10-30,2028,10,149.7,"Winnipeg, Manitoba"
2028-11-30,2028,11,150.1,"Winnipeg, Manitoba"
2028-12-30,2028,12,150.5,"Winnipeg, Manitoba"
2029-01-30,2029,1,148.9,"Winnipeg, Manitoba"
2029-03-02,2029,3,149.7,"Winnipeg, Manitoba"
2029-03-30,2029,3,149.7,"Winnipeg, Manitoba"
2024-04-30,2024,4,155.2,"Yellowknife, Northwest Territories"
2024-05-30,2024,5,155.7,"Yellowknife, Northwest Territories"
2024-06-30,2024,6,156.3,"Yellowknife, Northwest Territories"
2024-07-30,2024,7,156.8,"Yellowknife, Northwest Territories"
2024-08-30,2024,8,157.4,"Yellowknife, Northwest Territories"
2024-09-30,2024,9,157.9,"Yellowknife, Northwest Territories"
2024-10-30,2024,10,158.5,"Yellowknife, Northwest Territories"
2024-11-30,2024,11,159.0,"Yellowknife, Northwest Territories"
2024-12-30,2024,12,159.6,"Yellowknife, Northwest Territories"
2025-01-30,2025,1,156.4,"Yellowknife, Northwest Territories"
2025-03-02,2025,3,157.5,"Yellowknife, Northwest Territories"
2025-03-30,2025,3,157.5,"Yellowknife, Northwest Territories"
2025-04-30,2025,4,158.1,"Yellowknife, Northwest Territories"
2025-05-30,2025,5,158.6,"Yellowknife, Northwest Territories"
2025-06-30,2025,6,159.2,"Yellowknife, Northwest Territories"
2025-07-30,2025,7,159.7,"Yellowknife, Northwest Territories"
2025-08-30,2025,8,160.3,"Yellowknife, Northwest Territories"
2025-09-30,2025,9,160.8,"Yellowknife, Northwest Territories"
2025-10-30,2025,10,161.4,"Yellowknife, Northwest Territories"
2025-11-30,2025,11,161.9,"Yellowknife, Northwest Territories"
2025-12-30,2025,12,162.5,"Yellowknife, Northwest Territories"
2026-01-30,2026,1,159.3,"Yellowknife, Northwest Territories"
2026-03-02,2026,3,160.4,"Yellowknife, Northwest Territories"
2026-03-30,2026,3,160.4,"Yellowknife, Northwest Territories"
2026-04-30,2026,4,161.0,"Yellowknife, Northwest Territories"
2026-05-30,2026,5,161.5,"Yellowknife, Northwest Territories"
2026-06-30,2026,6,162.1,"Yellowknife, Northwest Territories"
2026-07-30,2026,7,162.6,"Yellowknife, Northwest Territories"
2026-08-30,2026,8,163.2,"Yellowknife, Northwest Territories"
2026-09-30,2026,9,163.7,"Yellowknife, Northwest Territories"
2026-10-30,2026,10,164.3,"Yellowknife, Northwest Territories"
2026-11-30,2026,11,164.8,"Yellowknife, Northwest Territories"
2026-12-30,2026,12,165.4,"Yellowknife, Northwest Territories"
2027-01-30,2027,1,162.2,"Yellowknife, Northwest Territories"
2027-03-02,2027,3,163.3,"Yellowknife, Northwest Territories"
2027-03-30,2027,3,163.3,"Yellowknife, Northwest Territories"
2027-04-30,2027,4,163.9,"Yellowknife, Northwest Territories"
2027-05-30,2027,5,164.4,"Yellowknife, Northwest Territories"
2027-06-30,2027,6,165.0,"Yellowknife, Northwest Territories"
2027-07-30,2027,7,165.5,"Yellowknife, Northwest Territories"
2027-08-30,2027,8,166.1,"Yellowknife, Northwest Territories"
2027-09-30,2027,9,166.6,"Yellowknife, Northwest Territories"
2027-10-30,2027,10,167.2,"Yellowknife, Northwest Territories"
2027-11-30,2027,11,167.7,"Yellowknife, Northwest Territories"
2027-12-30,2027,12,168.3,"Yellowknife, Northwest Territories"
2028-01-30,2028,1,165.1,"Yellowknife, Northwest Territories"
2028-03-01,2028,3,166.2,"Yellowknife, Northwest Territories"
2028-03-30,2028,3,166.2,"Yellowknife, Northwest Territories"
2028-04-30,2028,4,166.8,"Yellowknife, Northwest Territories"
2028-05-30,2028,5,167.3,"Yellowknife, Northwest Territories"
2028-06-30,2028,6,167.9,"Yellowknife, Northwest Territories"
2028-07-30,2028,7,168.4,"Yellowknife, Northwest Territories"
2028-08-30,2028,8,169.0,"Yellowknife, Northwest Territories"
2028-09-30,2028,9,169.5,"Yellowknife, Northwest Territories"
2028-10-30,2028,10,170.1,"Yellowknife, Northwest Territories"
2028-11-30,2028,11,170.6,"Yellowknife, Northwest Territories"
2028-12-30,2028,12,171.2,"Yellowknife, Northwest Territories"
2029-01-30,2029,1,168.0,"Yellowknife, Northwest Territories"
2029-03-02,2029,3,169.1,"Yellowknife, Northwest Territories"
2029-03-30,2029,3,169.1,"Yellowknife, Northwest Territories"
